Pathway ID,Reaction ID,Reactants,Products,Reversible,EC # List,Level,Level Position,KEGG IDs,Notes,,,,r side level,r side level pos,p side level,p side level pos,,,,,
0,0,43,57,1,5.4.2.2|5.4.2.5,5.5,0,R08639,,,,,,,,,,,,,
0,1,57,76,1,5.3.1.9,6.5,0,R00771,,,,,,,,,,,,,
0,2,57|1367,58|1368,0,3.1.3.9,6.1,1.05,R00303,,,,,,,,,,,,,
0,3,57|1365,58|1366,1,2.7.1.1|2.7.1.2,5.9,0.95,R00299,,,,,,,,,,,,,
0,4,91|1369,76|1370,0,3.1.3.11,7.6,-0.05,R00762,,,,,,,,,,,,,
0,5,76|1372,91|1371,1,2.7.1.11,7.6,0.05,R00756,,,,,,,,,,,,,
0,6,92|1374,91|1373,0,2.7.1.56,8.2,0.5,R02071,,, ,,,,,,,,,,
0,7,70,76,1,5.3.1.8,6.8,0.5,R00772,,,,,,,,,,,,,
0,8,71|1378,70|1377,1,2.7.1.1| 2.7.1.7,6.5,1.55,R01326,,,,,,,,,,,,,
0,9,70|1375,71|1376,0,,6.7,1.45,,,,,,,,,,,,,,
0,10,71,79,1,5.3.1.7,7,2,R00877,,,,,,,,,,,,,
0,11,58,79,1,5.3.1.5,6.6,2.3,R00307,,,,,,,,,,,,,
0,12,72,79,1,1.1.1.14|1.1.1.15,7,2.3,R00875,,,,,7,2.6,7.4,2.3,,,,,
0,13,58,72,1,1.1.1.21,6.3,2.3,,,,,,5.9,2.3,6.3,2.6,,,,,
0,14,79|1382,92|1381,1,2.7.1.3,8,1.6,R00866,,,,,,,,,,,,,
0,15,80|1383,76|1384,0,3.1.3.46,7.15,0.75,R00763,,,,,,,,,,,,,
0,16,76|1386,80|1385,1,,7.35,0.55,,,,,,,,,,,,,,
0,17,91,97|98,1,4.1.2.13,8.6,0,R01068,,,,,,,,,,,,,
0,18,98,97,1,5.3.1.1,9,0.4,R01015,,,,,,,,,,,,,
0,19,97|1387|1388,105|1389,1,1.2.1.59,9.5,-0.05,R01063,,,,,,,,,,,,,
0,20,97|1390|1391,105|1392,1,1.2.1.12,9.5,0.05,R01061,,,,,,,,,,,,,
0,21,108|1394,105|1393,1,2.7.2.3,10.5,0,R01512,,,,,,,,,,,,,
0,22,114,108,1,5.4.2.1|5.4.2.11|5.4.2.12|2.7.5.3,11.5,0,R01518,,,,,,,,,,,,,
0,23,114,121|1397,1,4.2.1.11,12.5,0,R00658,,,,,,,,,,,,,
0,24,121|1398,122|1399,0,2.7.1.40,13.5,0,R00200,,,,,,,,,,,,,
0,25,122|1401,121|1400,0,2.7.9.1|2.7.9.2,13.5,0.1,R00199|R00206,,,,,13.9,0.2,13.1,0.2,,,,,
0,26,105,111,1,5.4.2.4,10.4,-0.5,R01662,,,,,,,,,,,,,
0,27,111|1403,108|1402,1,3.1.3.13,11.3,-0.25,R01516,,,,,,,,,,,,,
0,28,111,114,0,3.1.3.80,11.8,-0.25,R09532,,,,,,,,,,,,,
0,29,122,123,1,1.1.1.27,13.95,0.8,R00703,,,,,,,,,,,,,
0,30,123,122,1,1.1.2.3,14.25,0.95,R00196,,,,,,,,,,,,,
0,31,122,124,1,1.1.1.28,14.6,1.2,R00704,,,,,,,,,,,,,
0,32,124,122,0,1.1.2.4|1.1.2.5,14.85,1,R00197|R00198,,,,,,,,,,,,,
0,33,123,124,1,5.1.2.1,14.45,2.1,R01450,,,,,,,,,,,,,
0,34,127,126,1,1.1.1.1|1.1.1.2|1.1.2.7|1.1.2.8|1.2.1.1|1.2.1.10|1.1.1.71,15.5,2.15,R07328|R10713|R07326,,,,,,,,,,,,,
0,35,126,129,1,1.2.1.3|1.2.1.-|1.2.99.3|1.2.99.6,16,1.8,R00538|R00711|R00544,,,,,,,,,,,,,
0,36,43,48,0,2.7.1.10,5.25,-0.3,R00949,,,,,,,,,,,,,
0,37,56,57,1,1.1.1.49,6,-0.5,R00835,2,,,,,,,,,,,,
0,38,56,55,0,3.1.1.31,6,-1.5,R02035,,,,,,,,,,,,,
0,39,76,75,1,5.3.1.27,7,-0.5,R05339,,,,,,,,,,,,,
0,40,75,74|100,1,4.1.2.43,7,-1.6,R05338,,,,,,,,,,,,,
0,41,100,104,0,1.2.1.46,9.6,-1.65,R00604,,,,,,,,,,,,,
0,42,87|90,76|97,1,2.2.1.1,7.8,-0.5,R01641,,,,,,,,,,,,,
0,43,94|97,76|90,1,2.2.1.2,8.25,-0.5,R08575,,,,,,,,,,,,,
0,44,101,94,0,3.1.3.37,9.4,-0.8,R01845,,,,,,,,,,,,,
0,45,98|90,101,0,4.1.2.13,9.4,-0.5,,,,,,,,,,,,,,
0,46,99,103,0,3.1.3.21,9.4,2.3,R08658,,,,,,,,,,,,,
0,47,103,99,0,2.7.1.30,9.4,2.5,R00847,,,,,,,,,,,,,
0,48,98,99,1,1.1.5.3,8.9,1.6,R00849,,,,,,,,,,,,,
0,49,98,99,1,1.1.1.8,9.1,1.8,R00842,,,,,,,,,,,,,
0,50,98|102,92,1,4.1.2.13,8.6,1.2,,,,,,,,,,,,,,
0,51,103,106,0,4.2.1.30,10.2,2.4,R01048,,,,,,,,,,,,,
0,52,106,107,1,1.1.1.21,10.6,2,R02577,,,,,,,,,,,,,
0,53,102,103,1,1.1.1.72,9.7,1.9,R01041,,,,,,,,,,,,,
0,54,103,102,1,1.1.1.2|1.1.1.21,9.9,2.1,,,,,,,,,,,,,,
0,55,109,108,1,1.1.1.95,11,0.5,R01513,,,,,,,,,,,,,
0,56,109|999,110|1000,1,2.6.1.52,11,2,R04173,,,,,,,,,,,,,
0,57,55,74,0,1.1.1.44,6.3,-2,R01528,,,,,,,,,,,,,
0,58,74,89,1,5.3.1.6|5.3.1.-,7.4,-2,R01056,,,,,,,,,,,,,
0,59,74,87,0,5.1.3.1,7.4,-1.5,R01529,,,,,,,,,,,,,
0,60,89,88,1,2.7.1.15,8,-3,R01051,,,,,,,,,,,,,
0,61,89,96,1,2.7.6.1,8.75,-4.6,R01049,,,,,8.5,-4.4,8.55,-4.8,,,,,
0,62,87|89,94|97,1,2.2.1.1,9.2,-1.5,R01641,,,,,,,,,,,,,
0,63,133|136,137,1,2.3.3.1|2.3.3.3|2.3.3.8|4.1.3.7|4.1.3.8,18.6,0,R00351|R00352,,,,,,,,,,,,,
0,64,137,138,1,4.2.1.3|4.2.1.99,19,1.45,R01324|R01325|R01900,,,,,,,,,,,,,
0,65,138,146,1,4.2.1.3|4.2.1.99,19.9,2.15,R01324|R01325|R01900,,,,,,,,,,,,,
0,66,138,139,0,4.1.1.6,19.4,2.2,R02243,,,,,,,,,,,,,
0,67,146,150,1,1.1.1.42,21.1,2.1,R00267|R00268|R01899,,,,,,,,,,,,,
0,68,150,152,1,1.1.1.42,22.05,1.7,R00267|R00268|R01899,,,,,,,,,,,,,
0,69,146,152,1,1.1.1.42,21.7,2.15,R00267|R00268|R01899,,,,,,,,,,,,,
0,70,146,152,1,1.1.1.41|1.1.1.286,21.75,2.3,R00709|R01934,,,,,,,,,,,,,
0,71,152,159,0,1.1.99.2,23.1,1.4,R00298,,,,,,,,,,,,,
0,72,152,151,1,1.2.7.3,22.3,0.1,R01197,,,,,,,,,,,,,
0,73,152,151,0,1.2.4.2|1.8.1.4|2.3.1.61,22.5,-0.1,R01700|R08550|R02570,,,,,,,,,,,,,
0,74,151,147,1,6.2.1.4|6.2.1.5|2.8.3.18,21.65,-1.75,R00432|R00405|R10343,,,,,,,,,,,,,
0,75,142,147,1,1.3.5.4|1.3.99.1,20.75,-1.8,R02164,,,,,,,,,,,,,
0,76,147,142,1,1.3.5.1|1.3.99.1,20.75,-1.9,R02164,,,,,,,,,,,,,
0,77,142,140,1,4.2.1.2,19.9,-1.65,R01082,,,,,,,,,,,,,
0,78,140,136,1,1.1.1.37,19.1,-1.2,R00342,,,,,,,,,,,,,
0,79,140,136,0,1.1.5.4,19.2,-1,R00361,,,,,,,,,,,,,
0,80,146,147|145,0,4.1.3.1,21.6,1.6,R00479,,,,,,,,,,,,,
0,81,133|145,140,0,4.1.3.2|2.3.3.9,19.5,-0.3,R00472,,,,,,,,,,,,,
0,82,145,149,0,1.2.3.5,20.85,0.75,R00466,,,,,,,,,,,,,
0,83,149,148,0,4.1.1.2,21.2,-0.15,R00522,,,,,,,,,,,,,
0,84,144,149,1,2.8.3.2,20.85,0.2,R01559,,,,,,,,,,,,,
0,85,149,144,0,6.2.1.8,20.85,0.4,R01558,,,,,,,,,,,,,
0,86,144,145,1,1.2.1.17,20.5,0.75,R00468,,,,,,,,,,,,,
0,87,141,145,1,1.1.99.14,20.05,1.1,R00476,,,,,,,,,,,,,
0,88,141,145,0,1.1.3.15,20.05,1.3,R01341,,,,,,,,,,,,,
0,89,144,143,0,4.1.1.8,20.5,-0.15,R01908,,,,,,,,,,,,,
0,90,152,153,1,3.5.1.3,22.55,1.85,R03804,,,,,,,,,,,,,
0,91,154,160,0,3.5.1.2|3.5.1.38|6.3.5.8,23.3,3.65,R00256|R00485,,,,,,,,,,,,,
0,92,160,154,0,6.3.1.2,23.3,3.55,R00253,,,,,,,,,,,,,
0,93,154,153,0,2.6.1.15,22.6,2.95,R00576,,,,,,,,,,,,,
0,94,152|154,160,0,1.4.1.13|1.4.1.14,23.4,2.2,R00093|R00114,,,,,,,,,,,,,
0,95,152|161,160|158,1,2.6.1.1,23.15,3.1,R00355,,,,,,,,,,,,,
0,96,102,115,0,1.2.99.8|1.2.1.89|1.2.7.5|1.1.1.1,10.5,1.4,R10324|R10615|R07158,,,,,,,,,,,,,
0,97,113,115,0,1.1.1.60,12.35,-0.3,R01745|R01747,,,,,,,,,,,,,
0,98,112,113,0,4.1.1.47,12,-1.35,R00013,,,,,,,,,,,,,
0,99,120,112,0,1.1.3.15,12.25,-2.1,,,,,,,,,,,,,,
0,100,112,120,1,1.1.99.14,12.45,-1.95,R00476,,,,,,,,,,,,,
0,101,45,44,0,3.1.1.17,5,1.5,R01519,,,,,,,,,,,,,
0,102,58,45,0,1.1.1.360|1.1.1.359|1.1.5.9|1.1.5.2,5.5,2,R01096|R07147|R10428|R00305|R06620,,,,,,,,,,,,,
0,103,122,133,1,1.2.7.1|1.2.3.6|1.2.7.-,16.5,-0.15,R01196|R00211|R10866,,gly-tca connections,,,this rxn not in Roche,,,,,,,,
0,104,122,133|132,1,2.3.1.54,16.5,-0.25,R00212,,,,,,,,,,,,,
0,105,122,136,1,6.4.1.1,16.5,-0.4,R00344,,,,,,,,,,,,,
0,106,136,122,0,4.1.1.3,16.5,-0.6,R00217,,,,,,,,,,,,,
0,107,122,140,0,1.1.1.38|1.1.1.39|1.1.1.40,16.5,-1.2,R00214|R00216,,,,,,,,,,,,,
0,108,121,136,0,4.1.1.31,16.5,-2,R00345,,,,,,,,,,,,,
0,109,136,121,0,4.1.1.32,16.5,-1.4,R00431,,,,,,,,,,,,,
0,110,136,121,0,4.1.1.38,16.5,-1.8,R00346,,,,,,,,,,,,,
0,111,136,121,0,4.1.1.49,16.5,-1.6,R00341,,,,,,,,,,,,,
0,112,129,131,1,6.2.1.1,17,1.8,R00235,,,,,,,,,,,,,
0,113,131,133,1,6.2.1.1,17.5,0.9,R00235,,,,,,,,,,,,,
0,114,133|1006,134,1,2.3.1.7,18.4,1.5,R02396,,,,,,,,,,,,,
0,115,145|1009,156|152,1,2.6.1.4|2.6.1.44,21.8,0.8,R00369|R00372,,,,,,,,,,,,,
0,116,156,155,0,6.1.1.14,22.75,-1.85,R03654,,,,,,,,,,,,,
0,117,115,114,0,2.7.1.165,12,0.3,R08572,,gly-pent connections,,,,,,,,,,,
0,118,115,116,1,1.1.1.26|1.1.1.29|1.1.1.79|1.1.1.81,12,1.6,R01388|R01392,,glyoxylate 98,,,,,,,,,,,
0,119,54,50|61,1,4.1.2.14|4.1.2.55,6,-3.9,R05605|R01064,,Entner-Douderoff,,,,,,,,,,,
0,120,55,54,0,4.2.1.12,6,-2.7,R02036,,,,,,,,,,,,,
0,121,69,74,1,2.7.1.47,7,-2.7,R01526,,3,,,,,,,,,,,
0,122,68,69,1,1.1.1.56,6.6,-3.9,R01895,,,,,,,,,,,,,
0,123,49,54,0,2.7.1.13,5.4,-4.4,R02658,,,,,,,,,,,,,
0,124,77,78,1,2.7.2.12|2.7.2.1|2.7.2.-,7.2,-3.9,R00320|R00315,,,,,,,,,,,,,
0,125,78,81,1,2.3.1.8,7.4,-3.9,R00230,,,,,,,,,,,,,
0,126,67|1361,85|1362,1,2.7.1.17,7.4,-5.9,R01639,,reaction occurs 2x,,,,,,,,,,,
0,127,67,87,1, ,7.65,-4.6,R01639,,put back EC number once bug fixed,,,,,,,,,,,
0,128,60,67,1,5.3.1.5,6.6,-5.9,R01432,,,,,,,,,,,,,
0,129,66,67,1,1.1.1.9|1.1.1.14,7,-5.9,R01896,,,,,6.6,-5.7,6.6,-6.1,,,,,
0,130,87,86,1,5.1.3.4,7.95,-4.5,R05850,,reaction occurs 2x,,,,,,,,,,,
0,131,85,86,1, ,7.8,-5.9, ,,put back EC number and KEGG id once bug fixed,,,,,,,,,,,
0,132,60,66,1,1.1.1.21,6.6,-6.4,,,,,,6.4,-6.6,6.8,-6.6,,,,,
0,133,66,84,1,1.1.1.10|1.1.1.15,7.4,-7.2,R01904|R05831,,1.1.1.15 irreversible in KEGG 3,,,7.2,-7,7.3,-7.4,,,,,
0,134,65,84,1,1.1.1.12,7.4,-8,R01903,,,,,7.2,-7.8,7.6,-7.8,,,,,
0,135,31,84|1140,1,4.1.1.34,7,-8.5,R01905,,,,,,,,,,,,,
0,136,59,65,1,1.1.1.21,6.6,-8,,,,,,6.4,-7.8,6.8,-7.8,,,,,
0,137,93|1363,86|1364,1,2.7.1.16,8.2,-5.9,R02439,,,,,,,,,,,,,
0,138,65,93,0,1.1.1.13,8.3,-8.3,R02441,,,,,8,-7.9,8.2,-7.8,,,,,
0,139,59,93,1,5.3.1.4,8.5,-8.5,,,,,,8.2,-8.7,8.5,-8.7,,,,,
0,140,20,21,1,2.7.1.43,3.2,-7.55,R01476,,,,,3.5,-7.75,3.5,-7.35,,,,,
0,141,21|1152,22|1153,1,2.7.7.44|2.7.7.64,3,-6.5,R01381,,,,,,,,,,,,,
0,142,35,46|1160,1,4.1.1.67,5,-7,R02636,,,,,,,,,,,,,
0,143,34|1156,35|1157,1,2.7.7.-,4.6,-6.5,R02634,,,,,,,,,,,,,
0,144,33|1349,34|1350,0,2.7.1.44,4.7,-7.55,R01980,,,,,,,,,,,,,
0,145,22,35,1,5.1.3.6,3.8,-6,R01385,,,,,,,,,,,,,
0,146,35,29|1154,0,2.4.1.43,4.1,-6.5,R05191,,,,,,,,,,,,,
0,147,22,47|1155,0,4.1.1.35,4.7,-5.75,R01384,,,,,,,,,,,,,
0,148,168|1151,22,1,2.4.1.17,2.35,-6.25,,,,,,,,2.6,-6.45,,,,,(product = acceptor)
0,149,168|1150,20,0,3.2.1.31,2,-7.25,R01478,,,,,,,2.3,-7.25,,,,,(product = acceptor)
0,150,0,1|1127,1,4.2.1.40,0.1,-9.6,R02752,,,,,,,,,,,,,
0,151,6,1|1128,1,4.2.1.40,0.35,-9.4,R08056,,,,,,,,,,,,,
0,152,0,231|14,1,4.1.2.20,0.7,-9.4,R02754,,,,,,,,,,,,,
0,153,6,231|14,1,4.1.2.20,0.7,-9.7,R03277,,,,,,,,,,,,,
0,154,1,11,1,1.2.1.3,0.6,-9,,,,,,0.2,-9.2,0.8,-9.2,1,-9.2,,,(water if found)
0,155,11,20|1129,1,3.1.1.19,2.05,-8.5,R01483,,,,,,,,,,,,,
0,156,11,18,1,1.1.1.20,2.05,-9.5,R03183,,,,,1.95,-9.2,2.35,-9.3,,,,,
0,157,18|1130,19,1,3.1.1.17|3.1.1.25,3,-9.5,R02933,,,,,,,,,,,,,
0,158,19,20,1,1.1.1.19,3,-8.5,R01481,,,,,2.7,-8.7,2.7,-8.3,,,,,
0,159,19,31,1,1.1.1.45,3.7,-9,R02640,,,,,3.5,-9.2,3.9,-9.2,,,,,
0,160,18|1131,30|1132,0,1.1.1.38,3.6,-10,R03184,,,,,,,,,,,,,
0,161,30,42,0,1.1.1.38,4.6,-10,R00647,,,,,,,,,,,,,
0,162,18,42,0,1.1.1.38,4.2,-9.8,R10053,,,,,,,,,,,,,
0,163,42|1134,51|1135,0,1.10.3.3|1.3.2.3,5.5,-10,R00068,,,,,,,,,,,,,
0,164,51|992,42|991,1,1.8.5.1,5.5,-9.9,R01108,,,,,,,,,,,,,
0,165,42|1133,63|64,0,,6,-10.2,R00646,,ec deleted from kegg,,,,,,,,,,,
0,166,63,82,1,1.1.1.129,7.2,-10.2,R03733,,,,,7,-10.4,7.4,-10.4,,,,,
0,167,31,52,1,1.1.1.130,5.2,-9,R02637|R02639,,,,,5,-9.2,5.4,-9.2,,,,,
0,168,52|1136,62|1138,0,4.1.1.-,6.4,-9.1,R04784,,,,,,,,,,,,,
0,169,52|1137,73|1139,0,4.1.1.-,6.4,-8.9,R04515,,,,,,,,,,,,,
0,170,46,47,1,5.1.3.5,5.4,-7.2,R01473,,,,,,,,,,,,,
0,171,25,43,1,2.7.7.9,4.2,-0.2,R00289,,starch/sucr,,,,,,,,,,,
0,172,26,43,0,2.7.7.27,4.2,0.2,R00948,,,,,,,,,,,,,
0,173,15,25|166,1,2.4.1.14,2.4,-4.9,R00766|R06073,,,,,,,,,,,,,
0,174,16,25|167,1,2.4.1.13,2.3,-3.8,,,,,,,,,,,,,,
0,175,15,16,0,3.1.3.24,1.6,-4.35,R00805,,,,,,,,,,,,,
0,176,25,22,0,1.1.1.22,2.85,-5.4,R00286,,,,,3.05,-5.2,3.05,-5.6,3.05,-5.3,,,(water if found)
0,177,25,12,0,2.4.1.11,2.2,-0.8,R00292|R06051,,,,,,,,,,,,,
0,178,26,12,0,2.4.1.21,2.2,-0.4,R02421|R06049,,,,,,,,,,,,,
0,179,25,13|1164,1,,2.65,-5.6,,,,,,2.85,-5.8,,,,,,,
0,180,3,58,0,2.4.1.25,3,2.4,,,,,,,,,,,,,,
0,181,3,58,0,3.2.1.20|3.2.1.3,3,2.5,,,,,,,,,,,,,,
0,182,5,165,0,3.2.1.74,0.3,-3,,,,,,,,,,,,,,
0,183,5,165|164,1,2.4.1.20,-0.2,-3.2,,,,,,,,,,,,,,
0,184,16,165,0,2.4.1.10,0.9,-3.4,R05140|R06079,,,,,,,,,,,,,
0,185,16,163,0,2.4.1.4|2.4.1.5,0.9,-4.6,R02120,,,,,,,,,,,,,
0,186,17,5,0,3.2.1.4|3.2.1.91,1.1,-2.6,,,,,,,,,,,,,,
0,187,16,163|164,1,2.4.1.7,0.9,-4.3,R00803,,,,,,,,,,,,,
0,188,16,163|165,0,3.2.1.20,0.9,-3.8,,,,,,,,,,,,,,
0,189,25|24,43|37,1,2.7.7.12,4.2,-1.4,R00955,,galactose,,,,,,,,,,,
0,190,27,40,1,5.1.3.2,4.1,-1,,,,,,,,,,,,,,
0,191,40,17,0,2.4.1.29,3.4,-1.6,R02890,,,,,,,,,,,,,
0,192,27,24,1,2.7.7.32,3.3,-2.5,R02329,,,,,,,,,,,,,
0,193,43,28,0,2.7.7.34,4.25,-0.4,R00954,,,,,,,,,,,,,
0,194,28,43,0,3.6.1.21,4.35,-0.6,,,,,,,,,,,,,,
0,195,23,24,1,2.7.1.6,3.2,-3.7,R01092,,,,,,,,,,,,,
0,196,36,23|993,0,3.2.1.23,3.9,-4.4,,,,,,,,,,,,,,
0,197,32,23,0,3.2.1.22,3.2,-5,,,,,,,,,,,,,,
0,198,37|994,36,0,2.4.1.22,4.6,-3.7,R00503|R06067,,,,,,,,,,,,,
0,199,24,37,1,2.7.7.10|2.7.7.64,3.9,-3,R00502,,67,,,,,,,,,,,
0,200,40,43,1,2.7.7.24,4.9,-0.6,,, ,,,,,,,,,,,
0,201,25,37,1,5.1.3.2,4,-2.5,R00291,,,,,,,,,,,,,
0,202,162,2,0,5.5.1.4,0,-6.5,,,79,,,,,,,,,,,
0,203,2|1141,7|1142,0,3.1.3.25,0.45,-8,R07343,,,,,,,,,,,,,
0,204,7|1146,20|1147,1,1.13.99.1,1.95,-8,R01184,,,,,,,,,,,,,
0,205,76|995,171|998,0,2.6.1.16,6.65,-2.2,R00768,,67,,,,,,,,,,,
0,206,76,171,1,3.5.99.6,6.4,-2.4,R00765,,,,,,,,,,,,,
0,207,170,171,0,2.7.1.1|2.7.1.8,9.5,-3.35,R01961,,,,,,,,,,,,,
0,208,171|1014,174,0,2.3.1.4,10.1,-2.75,R02058,,,,,,,,,,,,,
0,209,174,171,0,3.5.1.25,10.1,-2.85,R02059,,,,,,,,,,,,,
0,210,173,174,0,2.7.1.59,10.7,-3.35,R01201,,,,,,,,,,,,,
0,211,173,170|1013,0,2.3.1.3,10.1,-3.85,R01204,,,,,,,,,,,,,
0,212,170|1012,173,0,3.5.1.33,10.1,-3.95,R01200,,,,,,,,,,,,,
0,213,174,176,1,5.4.2.3,11.4,-2.8,R08193,,,,,,,,,,,,,
0,214,176,179,0,2.7.7.23,12.8,-2.8,R00416,,,,,,,,,,,,,
0,215,179,180,0,5.1.3.7,14.15,-2.8,R00418,,,,,,,,,,,,,
0,216,172,173,0,3.2.1.52,10.7,-4.45,,,,,,,,,,,,,,
0,217,177,174,1,5.3.1.9,12.4,-3.3,,,,,,,,,,,,,,
0,218,178,177,0,2.7.1.60,13.5,-4.35,R02650,,,,,,,,,,,,,
0,219,173,178,1,5.1.3.8,12,-3.8, ,,,,,,,,,,,,,
0,220,179,178,0,3.2.1.183|2.7.1.60,13.5,-3.25, ,,,,,,,,,,,,,
0,221,187,190,1,5.1.1.1,18.55,-3.1,R00401,,amino acids,,,,,,,,,,,
0,222,191,190,0,4.1.1.2,19.35,-2.9,R00397,,,,,,,,,,,,,
0,223,191,188,1,6.3.5.4,19,-2.75,,,,,,,,,,,,,,
0,224,191,188,0,6.3.1.1,19,-2.65,R00483,,,,,,,,,,,,,
0,225,188,135,0,2.6.1.14,18.4,-2.4,R01346,,,,,,,,,,,,,
0,226,135,136,0,5.3.1.5,18.5,-1.6,,,,,,,,,,,,,,
0,227,191,192,0,4.1.1.1|4.1.1.15,20.15,-3,R00489,,,,,,,,,,,,,
0,228,192|1022,196,0,6.3.2.1|3.5.1.22,21.1,-3.3,R02473|R02474,,,,,,,,,,,,,
0,229,195,192|1021,0,3.4.13.18|3.4.13.20,20.7,-3.9,,,,,,,,,,,,,,
0,230,191,193,0,2.7.2.4,20.15,-2.7,,,,,,,,,,,,,,
0,231,193,194,0,1.2.1.11,21.05,-2.7,R02291,,,,,,,,,,,,,
0,232,194,198,1,1.1.1.3,22.15,-2.7,R01773|R01775,,,,,,,,,,,,,
0,233,198,197,0,2.3.1.31,22.8,-3.2,R01776,,,,,,,,,,,,,
0,234,185,133,0,1.2.1.18|1.2.1.27,18,-2,R00705|R00706,,,,,,,,,,,,,
0,235,185,183,0,1.2.1.15,16.8,-2.8,R01604|R01607,,,,,,,,,,,,,
0,236,181,184,0,1.3.1.98,16.15,-3.7,R03192,,,,,,,,,,,,,
0,237,179|200,181,0,2.5.1.7,14.25,-3.25,R00660,,,,,,,,,,,,,
0,238,182,186,0,3.1.3.29,16.7,-5,R02597,,,,,,,,,,,,,
0,239,177|199,182,0,2.5.1.56|2.5.1.57,14.55,-5,R02769,,,,,,,,,,,,,
0,240,186,189,1,2.7.7.43,18.25,-5,R02599,,,,,,,,,,,,,
0,241,178|199,186,0,2.5.1.56,14.7,-4.5,R01804,,,,,,,,,,,,,
0,242,186,178|1016,0,4.1.3.3,14.7,-4.3,R01811,,,,,,,,,,,,,
0,243,169,49,0,4.3.1.9,8.6,-5.1,R01544,,,,,,,,,,,,,
0,244,170,169,0,1.1.3.-,9.5,-4.45,R01962,,,,,,,,,,,,,
0,245,90|202|1333,201|1334,0,2.5.1.54|4.1.2.15,9,-4.4,R01826,,,,,,,,,,,,,
0,246,201,203|1335,0,4.2.3.4,9.45,-7.5,R03083,,,,,,,,,,,,,
0,247,203,205|1336,1,4.2.1.10,10.35,-7.5,R03084,,,,,,,,,,,,,
0,248,203,204,1,1.1.1.24|1.1.1.282,9.95,-7.1,R01872|R06846,,,,,9.6,-7.2,9.7,-6.8,,,,,
0,249,205,209,1,1.1.1.25|1.1.1.282,11.25,-7.55,R02413|R06847,,,,,11.05,-7.75,11.45,-7.75,,,,,
0,250,209|1339,210|1340,0,2.7.1.71,12.15,-7.5,R02412,,,,,,,,,,,,,
0,251,210|1032,215|1341,1,2.5.1.19,13.2,-7.5,R03460,,,,,,,,,,,,,
0,252,215,218|1342,0,4.2.3.5,14.35,-7.5,R01714,,,,,,,,,,,,,
0,253,218,216|1035,1,4.1.3.40,14.65,-7.05,R01302,,,,,,,,,,,,,
0,254,213,211,0,,12.9,-6.6,R08768,,,,,,,,,,,,,
0,255,217,218,1,5.4.4.2,14.7,-6.5,R01717,,,,,,,,,,,,,
0,256,218,219,1,5.4.99.5,15.45,-7.8,R01715,,,,,,,,,,,,,
0,257,221,225,0,1.13.11.1,16.5,-5.7,R00817,,,,,,,,,,,,,
0,258,216|1034,213|1345|1346,0,4.1.1.98,13.85,-6.6,R05000|R04985,,multistep reaction EC #s and KEGG reactions are for individual steps,,,,,,,,,,,
0,259,213|1348,211|1347,0,1.14.13.-,12.9,-6.6,R08768,,,,,12.5,-6.8,13.3,-6.8,,,,,
0,260,211|1030,206|1028,0,2.1.1.222|2.1.1.201|2.1.1.64,11.85,-6.6,R08769|R08773|R08775|R09737|R08781,,multistep reaction EC #s and KEGG reactions are for individual steps,,,,,,,,,,,
0,261,217|1036,214|1033,0,2.2.1.9|4.2.99.20|4.2.1.113,13.85,-5.7,R08165|R08166|R04031,,multistep reaction EC #s and KEGG reactions are for individual steps,,,,,,,,,,,
0,262,214,212,0,6.2.1.26|4.1.3.36|3.1.2.28,12.9,-5.7,R04030|R04150|R07262,,multistep reaction EC #s and KEGG reactions are for individual steps,,,,,,,,,,,
0,263,212|1038|1037,207|1038,0,,11.85,-5.8,,,Vitamin K cycle - too many steps to lis,,,,,,,,,,,
0,264,212|1029|1031,208|1027,0,,11.85,-5.6,,,Vitamin K cycle - too many steps to lis,,,,,,,,,,,
0,265,225,226,1,5.5.1.1|5.3.3.4,17.6,-5.6,,,two step reaction,,,,,,,,,,,
0,266,226|1048,228,0,3.1.1.24,18.7,-5.6,R02991,,,,,,,,,,,,,
0,267,228|1046,230|1047,0,2.8.3.6,19.9,-5.6,R02990,,,,,,,,,,,,,
0,268,230,233|235,0,2.3.1.16|2.3.1.174,21,-5.6,R00829,,,,,,,,,,,,,
0,269,221,224,0,1.13.11.2,16.5,-6.1,R00816,,,,,,,,,,,,,
0,270,224|1043,227|1044,0,3.7.1.9,17.85,-6.4,,,,,,,,,,,,,,
0,271,227|1045,229,0,4.2.1.80,19.35,-6.4,R02601,,,,,,,,,,,,,
0,272,229,232|234,0,4.1.3.39,20.7,-6.4,,,,,,,,,,,,,,
0,273,219,223,1,4.2.1.51,16.45,-7.75,R01373,,,,,,,,,,,,,
0,274,223|1051,237|1052,1,2.6.1.5|2.6.1.1|2.6.1.9|26.1.57|2.6.1.58|1.4.1.20,17.75,-7.5, ,,,,,,,,,,,,,
0,275,237,223,0,1.4.3.2,17.75,-7.3,,,,,,,,,,,,,,
0,276,219,222,1,1.3.1.12|1.3.1.13,16.45,-8.1,R01728|R01730,,,,,,,,,,,,,
0,277,222|1049,236|1050,1,2.6.1.5|2.6.1.1|2.6.1.9|26.1.57|2.6.1.58|1.4.1.20,17.75,-8.1,,,,,,,,,,,,,,
0,278,236,222,0,1.4.3.2,17.75,-7.95,,,,,,,,,,,,,,
0,279,237,239,0,6.1.1.20,19.3,-7.4,R03660,,,,,,,,,,,,,
0,280,236,238,0,6.1.1.1,19.3,-8.1,R02918,,,,,,,,,,,,,
0,281,218|1040,220|1041|1042,0,4.1.3.27|4.1.1.48,15.45,-7.2,R00986,,,,,,,,,,,,,
0,282,220,221,0,1.14.12.1,16,-6.35,R00823|R00825,,,,,,,,,,,,,
0,283,220,240,1,2.4.2.18,18.4,-6.9,R01073,,,,,,,,,,,,,
0,284,240,241,1,5.3.1.24,21.35,-6.9,R03509,,,,,,,,,,,,,
0,285,241,242,1,4.1.1.48|4.1.3.27,22.55,-6.9,R03508,,,,,,,,,,,,,
0,286,242,243,1,4.2.1.20,23.85,-6.9,,,,,,,,,,,,,,
0,287,243|245,244|1055,0,4.2.1.20,25.15,-6.9,,,,,,,,,,,,,,
0,288,96,246|1176,1,2.4.2.17,9.35,-9,R01071,,,,,9.15,-8.8,,,,,,,
0,289,246|1177,247|1178,0,3.6.1.31,10.45,-9,R04035,,,,,,,,,,,,,
0,290,247|1179,248,0,3.5.4.19,11.5,-9,R04037,,,,,,,,,,,,,
0,291,248,249,0,5.3.1.16,12.5,-9,R04640,,,,,,,,,,,,,
0,292,249|1062,250|265|1063,0,4.1.3.-|2.4.2.-,13.5,-9,R04558,,,,,,,,,,,,,
0,293,250,251|1180,0,4.2.1.19,14.4,-9,R03457,,,,,,,,,,,,,
0,294,251|1064,252|1065,1,2.6.1.9,15.2,-9,R03243,,,,,,,,,,,,,
0,295,252|1181,253|1182,0,3.1.3.15,16,-9,R03013,,,,,,,,,,,,,
0,296,253,255,0,1.1.1.23,16.8,-9,R01158,,,,,16.6,-8.8,17,-8.8,16.4,-8.8,17.2,-8.8,
0,297,255,254,0,6.1.1.21,17.15,-9.2,R03655,,,,,,,,,,,,,
0,298,96|997|1162,95|996|1161,0,2.4.2.14,8.8,-9.5,R01072,,,,,,,,,,,,,
0,299,95|1057|1351,266|1167|1352,0,6.3.4.13,9.3,-10,R04144,,,,,,,,,,,,,
0,300,266|1058,267|1059,0,2.1.2.2,10.5,-10,R04325,,,,,10.1,-10.2,10.9,-10.2,,,,,"Roche map has water as reactant, iAF1260 has H as product"
0,301,267|1060|1353|1354,268|1061|1355|1356,0,6.3.5.3,12,-10,R04463,,,,,11.4,-10.2,,,,,12.6,-10.2,
0,302,268|1357,269|1168|1358,0,6.3.3.1,13.3,-10,R04208,,,,,,,,,,,,,
0,303,269|1169,270,1,4.1.1.21,14.3,-10,R04209,,,,,,,,,,,,,
0,304,270|1066|1359,271|1170|1360,1,6.3.2.6,15.4,-10,R04591,,,,,,,,,,,,,
0,305,271,265|1067,1,4.3.2.2,16.6,-10,R04559,,,,,,,,,,,,,
0,306,265|1171,272|1172,0,2.1.2.3,18.1,-10.05,R04560,,,"some side species have borders, others do not",,,,,,,,,,
0,307,273|1175,272,1,3.5.4.10|2.1.2.3,19.7,-10.15,R01127,,,branch off,,,,,,,,,,
0,308,255,256|1184,0,4.3.1.3,17.8,-9.2,R01168,,,,,,,,,,,,,
0,309,256|1185,259,0,4.2.1.49,18.8,-9.4,R02914,,,,,,,,,,,,,
0,310,259|1197,261,0,3.5.2.7,19.6,-9.4,R02288,,,,,,,,,,,,,
0,311,264|1069,261|1068,1,2.1.2.5,20.55,-9.45,R02287,,,,,,,,,,,,,
0,312,261|1071,264|1070,0,3.5.3.8,20.55,-9.35,R02285,,,,,,,,,,,,,
0,313,259|1190|1191,262|1192,0,1.14.13.-,19.6,-9.05,R00069,,,,,,,,,,,,,
0,314,262|1193,263,0,,20.45,-8.7,R04875,,,,,,,,,,,,,
0,315,263|1194,264|1195|1196,0,3.5.1.87,21,-9.05,R00254,,,,,,,,,,,,,
0,316,255,257|1183,0,4.1.1.22|4.1.1.28,17.8,-8.8,R01167,,,,,,,,,,,,,
0,317,257,258,0,2.1.1.8,18.7,-8.7,R02155,,,,,,,,,,,,,
0,318,257|1186|1187,260|1188|1189,0,1.4.3.22,18.8,-8.6,R02150,,,,,,,,,,,,,
0,319,222,279,0,1.13.11.27,19.45,-8.4,R02521,,,,,,,,,,,,,
0,320,279,280,0,1.13.11.15,21.45,-8.1,R02519,,,,,,,,,,,,,
0,321,280,281,0,5.2.1.2,22.55,-8.1,R03181,,,,,,,,,,,,,
0,322,281,282|283,0,3.7.1.2,23.9,-8.1,R01364,,,,,,,,,,,,,
0,323,279,285,0,,21.5,-7.8,,,,too many reactions to list,,,,,,,,,,
0,324,279,286,0,2.5.1.117|2.1.1.295,21.4,-7.6,R08782|R07501|R10709|R10710,,,multistep reaction EC #s and KEGG reactions are for individual steps,,,,,,,,,,
0,325,244,284,0,6.1.1.2,25.6,-7.35,R03664,,,,,,,,,,,,,
0,326,194,295,0,,22.1,-3.7,,,,"reaction in Roche, but reaction does not exist in KEGG",,,,,,,,,,
0,327,197,296,0,2.5.1.48|2.5.1.-|4.4.1.8,23.1,-4.65,R03260|R01288|R01286,,,,,,,,,,,,,
0,328,297,296,0,4.4.1.8,23.7,-4.95,R01286,,,,,,,,,,,,,
0,329,296|245,297,0,4.2.1.22,23.9,-4.85,R01290,,,,,,,,,,,,,
0,330,245|1083,315|1085,1,2.3.1.30,25.3,-4.5,R00586,,,,,,,,,,,,,
0,331,315|320,306|1084,0,2.5.1.47|2.5.1.65,25.3,-4.3,R00897,,,,,,,,,,,,,
0,332,314|1082,296|1081,1,3.3.1.1,24.5,-5.4,R00192,,,,,,,,,,,,,
0,333,319,314,0,2.1.1.37|2.1.1.-,26.4,-5.4,R00380|R10404,,,,,,,,,,,,,
0,334,325,319,0,2.5.1.6,27.9,-5.4,R00177,,,,,,,,,,,,,
0,335,296,325,0,2.1.1.5|2.1.1.10|2.1.1.13|2.1.1.14,26.05,-5.7,R02821|R00650|R00946|R04405,,,,,,,,,,,,,
0,336,331,325,0,1.8.4.13|1.8.1.14,28.9,-5.4,R07606|R07608,,,,,,,,,,,,,
0,337,325,330,0,6.1.1.10,28.9,-5.8,R03659,,,,,,,,,,,,,
0,338,330,333,0,2.1.2.9,30.05,-5.8,R03940,,,,,,,,,,,,,
0,339,320,334,1,1.8.99.1|1.8.1.2|1.8.7.1,27.5,-4.9,R00858|R00859|R00861|,,,,,,,,,,,,,
0,340,306,321,1,2.6.1.1|2.6.1.3,26.6,-4,R00895,,,,,,,,,,,,,
0,341,306,322,1,1.8.1.6,26.2,-3.7,R00892,,,,,,,,,,,,,
0,342,322,327,0,4.4.1.8|4.4.1.1,28.2,-3.6,R01286,,,,,,,,,,,,,
0,343,321,326,0,2.8.1.2|2.8.1.1,28.15,-4.3,R03106,,,,,,,,,,,,,
0,344,332,326|334,0,1.8.99.1,29.45,-4.4,,,,,,,,,,,,,,
0,345,306,323,0,1.13.11.20,26.4,-3.4,R00893,,,,,,,,,,,,,
0,346,323,328,0,4.1.1.15|4.1.1.29,28.4,-3.1,R02466,,,,,,,,,,,,,
0,347,328,329,0,1.8.1.3,28.8,-2.85,R01681,,,,,,,,,,,,,
0,348,324,329,0,4.1.1.15|4.1.1.29,28.4,-2.6,,,,,,,,,,,,,,
0,349,323,324,0,,28,-2.85,R02434,,,,,,,,,,,,,
0,350,323,332,0,2.6.1.1|1.4.1.-,29.3,-3.6,R02618,,,,,,,,,,,,,
0,351,198,299,0,2.7.1.39,23.3,-2.7,R01771,,,,,,,,,,,,,
0,352,299,308,0,4.2.3.1,24.45,-2.7,R01466,,,,,,,,,,,,,
0,353,308,298,0,4.3.1.19|4.3.1.17,24.45,-3.05,R00996,,,,,,,,,,,,,
0,354,198,298,1,4.4.1.1,23.3,-3.05,,,,,,,,,,,,,,
0,355,297,298|306,1,4.4.1.1,24,-4.1,,,,,,,,,,,,,,
0,356,197|306,297|1023,0,2.5.1.48,23.6,-4,R03260,,,,,,,,,,,,,
0,357,307,298,0,1.1.1.27,24.45,-3.4,,,,,,,,,,,,,,
0,358,308,316|313,1,4.1.2.5,25.55,-2.7,R00751,,,,,,,,,,,,,
0,359,308,300,1,1.1.1.103,24.6,-2.45,R01465,,,,,,,,,,,,,
0,360,156|157,300,1,2.3.1.29,23.5,-1.9,,,,,,,,,,,,,,
0,361,300,312,0,,24.55,-1.9,R03758,,,,,,,,,,,,,
0,362,312,317,0,1.4.3.4|1.4.3.21,25.7,-1.9,,,,,,,,,,,,,,
0,363,312,318,0,1.1.1.75,25.7,-1.6,R03759,,,,,,,,,,,,,
0,364,151|156,301,0,2.3.1.37,23.5,-1.5,,,,,,,,,,,,,,
0,365,301,302,0,,24,-0.55,,,,"reaction in Roche, not in KEGG",,,,,,,,,,
0,366,302,311,0,4.2.1.24,25.1,0,R00036,,,,,,,,,,,,,
0,367,303,302,0,5.4.3.8,24,0.4,R02272,,,,,,,,,,,,,
0,368,304,151,0,1.2.1.16|1.2.1.79|1.2.1.24,23.4,-0.8,R00713|R00714,,,,,,,,,,,,,
0,369,304,309,1,1.1.1.61|1.1.1.-,25.1,-1.3,R01644|R09281,,,,,,,,,,,,,
0,370,309,310,1,2.8.3.-,25.65,-1.1,R05336,,,,,,,,,,,,,
0,371,334,336,0,1.8.2.1|1.8.3.1,32.05,-4.9,R00528|R00533,,,,,,,,,,,,,
0,372,336,337,1,2.7.7.4|2.7.7.25|2.7.7.5|2.7.7.53,33.3,-5,R00529|R00530,,,,,,,,,,,,,
0,373,337,336,0,3.6.2.1,33.3,-4.9,R00531,,,,,,,,,,,,,
0,374,337,338,0,2.7.1.25,34.6,-4.9,R00509,,,,,,,,,,,,,
0,375,338,337,0,3.1.3.7,34.6,-5,R00188,,,,,,,,,,,,,
0,376,338,334|335,0,1.8.4.8,32,-3.8,R02021,,,,,,,,,,,,,
0,377,338,339,0,3.6.2.2|2.8.2.-,36.45,-4.9,R00507,,,,,,,,,,,,,
0,378,334,337,0,1.8.4.9,33,-4.6,R05717,,,,,,,,,,,,,
0,379,337,334,1,1.8.99.2,33,-4.5,R00860,,,,,,,,,,,,,
0,380,151,340,1,5.4.99.2,22,-2.2,R00833,,,,,,,,,,,,,
0,381,340,341,1,5.4.99.1,30.7,-2.55,R02765,,,,,,,,,,,,,
0,382,341,343|1088,0,4.1.1.41,32.4,-2.65,R00923,,,,,,,,,,,,,
0,383,341|1086,343|1087,1,2.1.3.1,32.4,-2.55,R00930,,,"since there is currently a bug that does not allow two edges connecting the same two nodes in the same direction, the reaction with side species with nodes in master file is included here",,,,,,,,,,
0,384,342,343,1,6.2.1.1|6.2.1.17,33.5,-3.15,R00926,,,,,,,,,,,,,
0,385,343,344,1,2.8.3.1|6.2.1.13,34.05,-3.15,R00928|R00229,,,needs empty side nodes as side species in Roche do not match side species in KEGG - get from model.,,,,,,,,,,
0,386,343,345,1,1.3.8.7,34.05,-2.7,R00392,,,,,,,,,,,,,
0,387,345,346,1,4.2.1.54,34.9,-3.15,R02963,,,,,,,,,,,,,
0,388,345,347,1,4.2.1.17,35.1,-2.7,,,,,,,,,,,,,,
0,389,347,349,0,3.1.2.4,36.15,-2.7,R03352,,,,,,,,,,,,,
0,390,349,351,1,1.1.1.59,37.25,-2.7,R01608,,,,,,,,,,,,,
0,391,351,353,0,1.2.1.18|1.2.1.27,38.35,-2.7,R00705|R00706,,,,,,,,,,,,,
0,392,352,353,0,4.1.1.9,39,-3.2,R00233,,,,,,,,,,,,,
0,393,353,352,0,6.4.1.2|6.3.4.14,38.8,-3.1,R00742,,,,,,,,,,,,,
0,394,350|353,352|1089,1,2.8.3.3,38.35,-3.15,R00743,,,,,,,,,,,,,
0,395,350,351,1,1.2.1.15,37.8,-3.15,R01604|R01607,,,,,,,,,,,,,
0,396,348,353,1,1.2.7.1,37.3,-3.1,R01196,,,,,,,,,,,,,
0,397,346,348,1,,35.9,-3.6,,,,"reaction in Roche, not in KEGG",,,,,,,,,,
0,398,353,359,1,2.3.1.9,40.15,-2.7,R00238,,,,,,,,,,,,,
0,399,359,356,1,2.8.3.9|2.8.3.8,41.05,-3.45,,,,,,,,,,,,,,
0,400,356,357,0,4.1.1.4,40.7,-4.7,R01366,,,,,,,,,,,,,
0,401,357,358,1,1.1.1.80|1.1.1.-,40.7,-5.65,R01550|R10703,,,,,,,,,,,,,
0,402,359,360,1,1.1.1.35|1.1.1.157,41.4,-3.45,R01976,,,,,,,,,,,,,
0,403,360,361,1,4.2.1.17,41.4,-4.7,,,,,,,,,,,,,,
0,404,361,362,0,1.3.1.86|1.3.1.44|1.3.1.9,41.4,-5.65,R09738,,,,,,,,,,,,,
0,405,362,363,1,2.3.1.9,41.4,-6.4,R01174,,,,,,,,,,,,,
0,406,363,364,1,2.7.2.7,41.4,-7.15,R01688,,,,,,,,,,,,,
0,407,362,354,1,1.2.1.10|1.2.1.57,41,-6.4,R01172|R01173,,,,,,,,,,,,,
0,408,354,355,1,1.1.1.-,40.6,-7.15,R03544|R03545,,,,,,,,,,,,,
0,409,236|1203,291|1204,0,1.11.1.8,21.7,-8.4,R03539,,,,,,,,,,,,,
0,410,236|1200,287,1,1.10.3.1|1.14.18.1,21.7,-8.7,R00031,,,,,,,,,,,,,
0,411,291|1207,292|1208,0,1.11.1.8,22.9,-8.7,R03973,,,,,,,,,,,,,
0,412,292|1211,294|1212|1213,0,1.11.1.8,24.3,-8.7,R03208,,,,,,,,,,,,,
0,413,291|292|1214,293|1215|1216,0,1.11.1.8,23.5,-9,R03953,,,,,,,,,,,,,
0,414,287,288,0,4.1.1.25|4.1.1.28,22.9,-9.4,R02080,,,,,,,,,,,,,
0,415,288|1076|1218,289|1077|1219,0,1.14.17.1,23.9,-9.4,R02535,,,,,,,,,,,,,
0,416,289|1078,290|1079,0,2.1.1.28,25,-9.4,R02533,,,,,,,,,,,,,
0,417,273|1299,365|1300,0,3.1.3.5,20.6,-11,R01126,,,,,,,,,,,,,
0,418,365|1301,273|1302,1,2.7.1.73,20.4,-11.1,R01131,,,,,,,,,,,,,
0,419,365|1284,368|1285,1,2.4.2.1|2.4.2.15,21.15,-11.6,R01863,,,,,,,,,,,,,
0,420,273|1288,368|1289,1,2.4.2.8,21.15,-10.9,R01132,,,,,,,,,,,,,
0,421,273|1294|1295,274|1296|1297,0,6.3.4.4,21.25,-10.3,,,,,,,,,,,,,,
0,422,273|1293,275|1292,1,3.5.4.6,22.1,-10.6,R00181,,,,,,,,,,,,,
0,423,274,275|1298,0,4.3.3.2,22.65,-10.3,,,,,,,,,,,,,,
0,424,275|277,276,1,2.7.4.3,24.3,-10.7,R00127,,,,,,,,,,,,,
0,425,276|1303,275|1304,0,3.6.1.5,23.75,-10.3,,,,,,,,,,,,,,
0,426,276|1306,277|1305,1,3.6.3.14|3.6.3.10|3.6.3.6,24.8,-10.4,,for H+,,,,24.4,-10.5,25.3,-10.6,,,,,
0,427,277|1307,276|1308,0,3.6.1.5|3.6.1.3|3.6.1.8|3.6.1.15,25,-10.3,,,,,,,,,,,,,,
0,428,277,278|1309,1,2.7.7.6,26.1,-10.3,,,,,,,,,,,,,,
0,429,276,278|1310,1,2.7.7.8,25.5,-10.1,,,,,,,,,,,,,,
0,430,370|1282,365|1283,0,3.5.4.4,22.1,-11.2,R01560,,,,,,,,,,,,,
0,431,373|1271,370|1270,1,2.4.2.1,23.75,-11.5,,,,,,,,,,,,,,
0,432,370|1278,275|1279,1,,23,-10.8,,,,,,,,,,,,,,
0,433,275|1276,373|1277,1,3.2.2.4,23.75,-10.9,R00182,,,,,,,,,,,,,
0,434,368|1261|1262,369|1263,0,1.17.3.2|1.17.1.4,21.8,-12.05,R01769,,,,,,,,,,,,,
0,435,369|1264|1265,380|1266,0,1.17.3.2|1.17.1.4,23.8,-12.2,R02107,,,,,,,,,,,,,
0,436,369|1267,379,0,3.5.2.-,22.8,-12.05,R02141,,,,,,,,,,,,,
0,437,373|1268,368|1269,0,3.5.4.2,23.2,-11.7,R01244,,,,,,,,,,,,,
0,438,374|1259,369|1260,0,3.5.4.3,23.2,-12.5,R01676,,,,,,,,,,,,,
0,439,374|1254,371|1253,1,2.4.2.1|2.4.2.15,23.75,-12.8,R02147,,,,,,,,,,,,,
0,440,369|1244,366|1243,1,2.4.2.1|2.4.2.-,21.15,-12.75,R02297,,,,,,,,,,,,,
0,441,366|1246,369|1245,0,3.2.2.1,21.15,-12.65,,,,,,,,,,,,,,
0,442,273,367,0,1.1.1.205,19.6,-12.1,R01130,,,,,19.3,-12,19.3,-12.2,19.4,-11.9,19.4,-12.3,
0,443,367|1241,369|1242,1,2.4.2.8|2.4.2.22,21.15,-13.3,R02142,,,,,,,,,,,,,
0,444,372,273|1220,0,1.7.1.7,19.5,-14.2,R01134,,,,,19.3,-14,19.85,-14.3,,,,,
0,445,367|1221|1223|1225,372|1222|1224|1226,0,6.3.5.2,21.8,-13.9,R01231|R01230|R00256,,,,,,,,,,,,,
0,446,372|1231,375|1232,1,2.7.4.8,23.75,-13.95,R00332,,,,,,,,,,,,,
0,447,375|1233,372|1234,0,3.6.1.5|3.6.1.6,23.75,-13.85,,,,,,,,,,,,,,
0,448,375|1237,381|1238,1,2.7.4.6|2.7.1.40,25.1,-13.9,,,,,,,,,,,,,,
0,449,381|1235,375|1236,0,3.6.1.5,25.1,-13.8,,,,,,,,,,,,,,
0,450,381,385|1239,1,2.7.7.6,26.1,-13.9,,,,,,,,,,,,,,
0,451,375,385|1240,1,2.7.7.8,25.5,-14.1,,,,,,,,,,,,,,
0,452,376|1311,380|1312,1,2.4.2.16,25.2,-12.7,R02646,,,,,,,,,,,,,
0,453,380|1313|1314,384|1315|1316,0,1.7.3.3,26.15,-12.7,,,,,,,,,,,,,,
0,454,384|1317,388,1,3.5.2.5,27.15,-12.7,,,,,,,,27.35,-12.9,,,,,
0,455,388|1318,386|389,1,3.5.3.4,27.6,-12.2,R02422,,,,,,,,,,,,,
0,456,389,387|390,1,4.3.2.3,27.8,-11.3,R00776,,,,,,,,,,,,,
0,457,387,389,1,3.5.1.116,27.5,-11.4,R00469,,,,,,,,,,,,,
0,458,379,383,0,3.5.3.-,26.15,-11.7,R04857,,,,,,,,,,,,,
0,459,383,382,0,4.1.1.-,26.7,-11.4,R04732,,,,,,,,,,,,,
0,460,382,378,0,,26.15,-11.1,,,,"reaction in Roche, not in KEGG",,,,,,,,,,
0,461,378,377,0,2.1.2.4,25.2,-11.1,R02729,,,,,,,,,,,,,
0,462,295,391,0,,25.8,-6.7,,,,"reaction in Roche, not in KEGG",,,,,,,,,,
0,463,391|1090|1094,392|1095,0,2.3.1.117,28.1,-7,R04365,,,,,,,,,,,,,
0,464,392|1091,393|1092,1,2.6.1.17,29.4,-7,R04475,,,,,,,,,,,,,
0,465,393|1096,394|1093,0,3.5.1.18,30.5,-7,R02734,,,,,,,,,,,,,
0,466,394,397,1,5.1.1.7,32,-7,R02735,,,,,,,,,,,,,
0,467,397,398|1100,0,4.1.1.20,33.55,-7,R00451,,,,,,,,,,,,,
0,468,395,396,0,6.2.1.6,32.1,-6,R02402,,,,,,,,,,,,,
0,469,396,457,0,1.3.99.32,33.1,-6,R05579,,,,,,,,,,,,,
0,470,457,399,0,4.1.1.70,33.9,-6,,,,,,,,,,,,,,
0,471,398,396,0,,33.2,-6.6,,,,"reaction in Roche, not in KEGG",,,,,,,,,,
0,472,398|1097,400,0,6.1.1.6,34.4,-6.7,R03658,,,,,,,,,,,,,
0,473,398|1111,401|1112,0,2.3.1.32,34.8,-7.1,R01620,,,,,,,,,,,,,
0,474,401,398,0,3.5.1.17,34.8,-7,R00545,,,needs side nodes,,,,,,,,,,
0,475,398,402|1110,0,4.1.1.8,34.9,-6.7,R00462,,,,,,,,,,,,,
0,476,401|1113,403|1114,1,2.6.1.65,35.7,-7,R04029,,,,,,,,,,,,,
0,477,403|1117,404|1118,0,3.5.1.17,36.85,-7,,,,"reaction in Roche, not in KEGG",,,,,,,,,,
0,478,403,396,0,,33.5,-6.2,,,,,,,,,,,,,,
0,479,424|425|426,427,0,6.3.2.26,38.9,-8.3,R04870,,,,,,,,,,,,,
0,480,427|1119,428|1120,0,1.21.3.1,38.9,-7.45,,,,,,,,,,,,,,
0,481,428,429,0,,38.7,-6.3,,,,multiple reactions,,,,,,,,,,
0,482,429,430,0,2.3.1.175,38.5,-5.2,R03064,,,,,,,,,,,,,
0,483,428|1121|1122,431|1123,0,2.3.1.164,39.2,-6.3,R04868,,,,,,,,,,,,,
0,484,431|1124,432|1125,0,3.5.1.11,39.3,-5.25,R04103,,,,,,,,,,,,,
0,485,431|1126,433,0,3.5.2.6,39.7,-4.95,,,,,,,,,,,,,,
0,486,405|1098,407|1099,0,1.14.11.4,35.65,-5.9,,,,,,,,,,,,,,
0,487,407|1101,408|1102,0,2.4.1.50,36.95,-5.7,R03380,,,,,,,,,,,,,
0,488,407,406,0,2.7.1.81,36.95,-6.5,,,,"reaction in Roche, not in KEGG",,,,,,,,,,
0,489,400,405,0,,34.75,-6.1,,,,"reaction in Roche, not in KEGG",,,,,,,,,,
0,490,404,410,1,,37.45,-7.5,R04175,,,,,,,,,,,,,
0,491,410,412,0,1.5.1.21|1.5.1.1,36.8,-8,R02203,,,,,,,,,,,,,
0,492,412,413,0,1.5.3.7|1.5.99.3,35.55,-8,R02204|R02206,,,,,,,,,,,,,
0,493,413,415,1,1.4.1.18,34.5,-8.2,R02317,,,,,,,,,,,,,
0,494,414|1106,415|1103,1,1.5.1.9|1.5.1.10,33.55,-8,R02313|R02315,,,,,,,,,,,,,
0,495,415|1107,416,0,1.2.3.1,32.2,-8,R03102,,,,,,,,,,,,,
0,496,416|1105,417|1104,1,2.6.1.39|2.6.1.7,30.85,-8,R01939,,,,,,,,,,,,,
0,497,418,417,0,1.1.1.87|1.1.1.286,29.8,-8,R01936,,,,,,,,,,,,,
0,498,419,418,0,1.1.1.87|1.1.1.286,29,-8,R04862,,,,,,,,,,,,,
0,499,420,419,1,4.2.1.114|4.2.1.36,28.2,-8,,,,,,,,,,,,,,
0,500,421,420,1,4.2.1.114|4.2.1.-,27.4,-8,,,,,,,,,,,,,,
0,501,422|423,421,0,2.3.3.14,26.6,-8,R00271,,,,,,,,,,,,,
0,502,398|1109,414|1108,1,1.5.1.7,34.2,-7.5,R00715,,,,,,,,,,,,,
0,503,417,396,0,1.2.4.2|1.8.1.4|2.3.1.61,30.6,-7.4,R01933,,,,,,,,,,,,,
0,504,416,411,0,1.2.3.1,34.5,-8.3,,,,,,,,,,,,,,
0,505,411,409,0,1.2.1.31,37.1,-8.3,R04863,,,,,,,,,,,,,
0,506,244|1323,444|1324,0,2.6.1.27,25.93,-9.2,R00684,,,,,,,,,,,,,
0,507,244|1319|1320,443|1321|1322,0,1.14.16.4,25.75,-9.6,R01814,,,,,,,,,,,,,
0,508,444,442,0,1.1.1.110,27.3,-8.8,R01971,,,,,27.1,-8.6,27.5,-8.6,,,,,
0,509,444,437,0,4.1.1.74|4.1.1.43,28.8,-8.95,R01974,,,,,,,,,,,,,
0,510,244,440|1327,0,4.1.1.28,26.19,-8.4,R00685,,,,,,,,,,,,,
0,511,437,435,0,1.2.1.3|1.2.3.7,30.75,-8.7,R02681,,,,,,,,,,,,,
0,512,443,439,0,4.1.1.28,27.85,-9.3,R02701,,,,,,,,,,,,,
0,513,439,441,0,2.3.1.87|2.1.1.4,28.65,-9.5,,,,"two step reaction, both EC #s included",,,,,,,,,,
0,514,439,438,0,,28.95,-9.5,,,,"reaction in Roche, not in KEGG",,,,,,,,,,
0,515,439,436,0,1.4.3.4,29.45,-9.3,,,,,,,,,,,,,,
0,516,436,434,0,1.2.1.3|1.2.3.1,30.75,-9.3,,,,,,,,,,,,,,
0,517,372|1252,371|1251,0,3.1.3.5,23.2,-13.25,,,,,,,,,,,,,,
0,518,372|1255,374|1256,0,2.4.2.7|2.4.2.8|2.4.2.22,23.75,-13.3,,,,,,,,,,,,,,
0,519,375,449,0,1.17.4.1,27.3,-14.2,,,,,,,,,,,,,,
0,520,381,453,0,1.17.4.2,28,-14.2,,,,,,,,,,,,,,
0,521,276,450,0,1.17.4.1,27.3,-10,,,,,,,,,,,,,,
0,522,277,454,0,1.17.4.2,28,-10,,,,,,,,,,,,,,
0,523,448,450,1,2.7.4.11|2.7.4.3,29,-10.3,R01547,,,,,,,,,,,,,
0,524,450,454,1,2.7.4.6|2.7.1.40,30.2,-10.3,,,,,,,,,,,,,,
0,525,454,456,1,2.7.7.7,31.3,-10.3,,,,,,,,,,,,,,
0,526,453,455,1,2.7.7.7,31.3,-13.9,,,,,,,,,,,,,,
0,527,445,449,1,2.7.4.8,29,-13.9,R00332,,,,,,,,,,,,,
0,528,449,453,1,2.7.4.6|2.7.1.40,30.2,-13.9,,,,,,,,,,,,,,
0,529,447,448,1,3.1.3.5|2.7.1.76,28.6,-10.9,R02089,,,,,,,,,,,,,
0,530,447,452,1,2.4.2.1,29.35,-11.5,,,,,,,,,,,,,,
0,531,446,451,1,2.4.2.1,29.35,-12.7,,,,,,,,,,,,,,
0,532,445,446,1,3.1.3.5|2.7.1.113,28.6,-13.3,R01967,,,,,,,,,,,,,
0,533,453,446,0,3.1.5.1,29.7,-13.3,R01856,,,,,,,,,,,,,
0,534,244,459,0,1.13.11.11|1.13.11.52,27.05,-8.3,R00678,,,,,,,,,,,,,
0,535,459,463,0,3.5.1.9,33.9,-8.8,R01959,,,,,,,,,,,,,
0,536,463,469,0,1.14.13.9,35.15,-8.8,R01960,,,,,,,,,,,,,
0,537,469,468,0,3.7.1.3,35.7,-9.15,,,,,,,,,,,,,,
0,538,468,467,0,1.13.11.6,35.7,-9.85,R02665,,,,,,,,,,,,,
0,539,467,466,0,4.1.1.45,35.7,-10.55,,,,,,,,,,,,,,
0,540,466,465,0,1.2.1.32,35.65,-11.15,R03889,,,,,,,,,,,,,
0,541,463,458,0,3.7.1.3,33.9,-9.15,,,,,,,,,,,,,,
0,542,463,460,0,,34.45,-9.15,,,,,,,,,,,,,,
0,543,469,462,0,,35.2,-9.15,,,,,,,,,,,,,,
0,544,467,461,0,,35.2,-10.2,,,,,,,,,,,,,,
0,545,466,464,0,,35.3,-10.75,,,,,,,,,,,,,,
0,546,471,478,0,2.7.1.23,33.8,-13.1,R00104,,,"NAD,NADH reactions",,,,,,,,,,
0,547,478,471,0,3.1.3.-,33.8,-13,R00118,,,,,,,,,,,,,
0,548,471|477,470|478,1,1.6.1.1|1.6.1.2|1.6.1.3,33.8,-13.65,R00112,,,,,,,,,,,,,
0,549,478,477,1,1.6.99.1,34.7,-13.65,R00282,,,,,,,,,,,,,
0,550,470,471,0,1.11.1.1,33,-13.7,R00090,,,,,,,,,,,,,
0,551,471,470,1,1.6.5.3|1.6.99.3|1.6.99.5,33.2,-13.6,R00281|R02163,,,,,,,,,,,,,
0,552,472,471,0,6.3.1.5|6.3.5.1,32.85,-12.45,R00189|R00257,,,"end NAD,NADH reactions",,,,,,,,,,
0,553,473,472,1,2.7.7.1|2.7.7.18,32.6,-11.45,R03005,,,,,,,,,,,,,
0,554,472,473,0,3.6.1.9|3.6.1.22,32.8,-11.35,R03004,,,,,,,,,,,,,
0,555,474,473,0,,32.7,-10.6,,,,"reaction in Roche, not in KEGG, 474 not in KEGG",,,,,,,,,,
0,556,473,480,1,6.3.4.21,33.6,-11,R01724,,,,,,,,,,,,,
0,557,474,461,1,,33.6,-10.2,,,,"reaction in Roche, not in KEGG, 474 not in KEGG",,,,,,,,,,
0,558,479,480,0,3.5.1.19,34.5,-11.4,R01268,,,,,,,,,,,,,
0,559,471,479,0,3.2.2.5|3.2.2.6|3.5.1.-,33.85,-12.55,R00102,,,,,,,,,,,,,
0,560,471,475,1,2.7.7.1|2.7.7.18,33.35,-12.65,R00137,,,,,,,,,,,,,
0,561,475,471,0,3.6.1.9|3.6.1.22,33.2,-12.5,,,,,,,,,,,,,,
0,562,476,475,0,2.7.1.22,33.5,-11.9,R02324,,,,,,,,,,,,,
0,563,475,476,0,3.1.3.5|3.1.3.-,33.75,-11.8,R02323,,,,,,,,,,,,,
0,564,479,476,1,2.4.2.1,34.1,-11.7,,,,,,,,,,,,,,
0,565,476,479,0,3.2.2.1|3.2.2.3,34.1,-11.6,,,,,,,,,,,,,,
0,566,475,479,0,3.2.2.14,34.1,-11.9,R01270,,,,,,,,,,,,,
0,567,479,475,1,2.4.2.12,34.1,-12,R01271,,,,,,,,,,,,,
0,568,478,479,0,2.4.99.20,34.55,-12.45,,,,,,,,,,,,,,
0,569,480,481,0,1.17.2.1|1.17.1.5,34.75,-11.3,R09473|R01720,,,,,,,,,,,,,
0,570,481,482,0,1.14.13.114,35.5,-12.15,R08764,,,,,,,,,,,,,
0,571,482,483,0,,36,-12.95,R03204,,,,,,,,,,,,,
0,572,483,484,0,3.5.1.107,36,-13.45,R03540,,,,,,,,,,,,,
0,573,484,485,0,5.2.1.1,36,-13.95,R01087,,,,,,,,,,,,,
0,574,465,417,0,1.5.1.-,36.6,-8.7,R01937|R01938,,,,,,,,,,,,,
0,575,503,493,1,1.5.1.3,39.95,-9.5, ,,,,,,,,,,,,,
0,576,503,494,1,1.5.1.3,39.95,-9.2, ,,,,,,,,,,,,,
0,577,502,503,0,6.3.2.17|6.3.2.12,41,-9.65,R02237,,,,,,,,,,,,,
0,578,495|501,502,0,2.5.1.15,41,-10.5,R03067,,,,,,,,,,,,,
0,579,500,501,0,2.7.6.3,41,-11.45,R03503,,,,,,,,,,,,,
0,580,498,499|500,0,4.1.1.25,41,-12.4,,,,,,,,,,,,,,
0,581,497,498,0,3.1.3.1,41,-13.4,R04620,,,,,,,,,,,,,
0,582,498,496,0,,40.4,-12.45,R04622,,,,,,,,,,,,,
0,583,495,492,0,,39.15,-10.6,,,,,"reaction in Roche, not in KEGG. 492 has no KEGG id",,,,,,,,,
0,584,491,490,1,1.5.1.34,38.7,-11.75,,,,,,,,,,,,,,
0,585,489,490,0,1.1.1.153|1.1.1.220,38.7,-12.45,,,,,two step reaction,,,,,,,,,
0,586,487,488,0,1.5.1.47|1.5.99.15,37.2,-9.7,R03388|R10332|R10802,,,,,,,,,,,,,
0,587,497,489,0,4.2.3.12,39.85,-13.35,R04286,,,,,,,,,,,,,
0,588,486,497,0,3.5.4.16,38.95,-13.9,R00424,,,,"there is an unlabeled chemical structure as an intermediate species on the Roche map,",,,,,,,,,
0,589,505|507,509|511,1,2.1.2.3,1.25,4.95,R04560,,,,,,,,,,,,,
0,590,505|506,508|511,1,2.1.2.2,1.25,4.7,R04325,,,,,,,,,,,,,
0,591,505|512,511,0,6.3.4.3,1.35,4.1,R00943,,,,,,,,,,,,,
0,592,511,505,0,3.5.1.10|1.5.1.6|2.1.2.9,1.25,4.4,R00944|R00941|R03940,,,,,,,,,,,,,
0,593,504,505,1,1.5.1.3,0.5,3.85,R00939,,,,,,,,,,,,,
0,594,505,510,1,2.1.2.4|2.1.2.5,0.6,6,R02729|R02287,,,,,,,,,,,,,
0,595,510,516,1,4.3.1.4,2.3,5.2,R02302,,,,,,,,,,,,,
0,596,511,516,1,3.5.4.9,2.5,4.4,R01655,,,,,,,,,,,,,
0,597,516,518,1,1.5.1.5|1.5.1.15,3.45,4.4,R01220|R01218,,,,,,,,,,,,,
0,598,517,505|514,0,2.1.1.258|2.3.1.169,2.5,6.6, ,,,,,,,,,,,,,
0,599,514,513,0,,2.35,5.8,,,,,reaction in Roche with just one reactant and one product,,,,,,,,,
0,600,518,517,0,1.5.7.1|1.5.1.20,3.5,5.15,,,,,,,,,,,,,,
0,601,516,515,0,2.1.2.10,3,4,,,,,,,,,,,,,,
0,602,515,516,0,6.3.3.2,3.2,3.9,R02301,,,,,,,,,,,,,
0,603,515|535,505|534,0,2.1.2.5,1,3.5,R02287,,,,,,,,,,,,,
0,604,505,518|533,0,2.1.2.10,1.1,3.7,R04125,,,,,,,,,,,,,
0,605,519|521,520|522,0,2.3.1.101,1.3,8.7,R03390,,,,,,,,,,,,,
0,606,520,521,0,1.2.99.5,0.55,8.2,R03015,,,,,,,,,,,,,
0,607,522,524,0,3.5.4.27,2.1,8.4,R03464,,,,,,,,,,,,,
0,608,524|526,529|527,0,1.5.98.1,2.9,8.6,R04456,,,,,,,,,,,,,
0,609,524,529,1,1.12.98.2,2.9,8.4,R04455,,,,,,,,,,,,,
0,610,529,524,0,1.5.1.-,2.9,8.3,R08059,,,,,,,,,,,,,
0,611,529|531,530|532,0,1.5.98.2,3.3,7.95,R04464,,,,,,,,,,,,,
0,612,532,531,0,1.12.98.1,3.7,7.95,R03025,,,,,,,,,,,,,
0,613,528|530,519|525,1,2.1.1.86,2.9,7.5,R04347,,,,,,,,,,,,,
0,614,525,523,0,2.8.4.1,2.1,7.5, ,,,,,,,,,,,,,
0,615,536,528,0,,2.35,7.75,,,,536 unlabeled compound,,,,,,,,,,
0,616,537,538,1,,0.1,9.6,R04269,,,,,,,,,,,,,
0,617,538,542,0,4.1.1.3,0.45,10.4,R00995,,,,,,,,,,,,,
0,618,541,542,0,4.3.1.19|4.3.1.17,0.8,10.4,R00996,,,,,,,,,,,,,
0,619,539|542,544,0,2.2.1.6,0.8,11.4,R08648,,,,,,,,,,,,,
0,620,539,545,0,2.2.1.6,0.5,12.6,R00006|R00226,,,,,,,,,,,,,
0,621,539,543,0,2.2.1.6,0.5,11.9,R00014,,,,,,,,,,,,,
0,622,539|543,545,0,2.2.1.6,0.9,12.35,R03050|R04672,,,,,,,,,,,,,
0,623,542|543,544,0,2.2.1.6,1.1,11.1,R04673,,,,,,,,,,,,,
0,624,543,548,0,2.2.1.6,1.35,11.9,,,,,,,,,,,,,,
0,625,553,548|558,1,2.3.3.13,3.2,12.2,R01213,,,,,,,,,,,,,
0,626,545,549,1,1.1.1.86,1.8,12.6,R04439,,,,,,,,,,,,,
0,627,549,558,0,4.2.1.9,2.9,12.6,R04441,,,,,,,,,,,,,
0,628,558,560,0,2.6.1.42|1.4.1.9,3.95,12.85,,,,,,,,,,,,,,
0,629,560,558,1,2.6.1.66,4.15,12.75,R01215,,,,,,,,,,,,,
0,630,544,550,1,1.1.1.86,1.9,11.2,,,,two step reaction? C14463 is intermediate in KEGG,,,,,,,,,,
0,631,550,557,0,4.2.1.9,3.1,11.2,R05070,,,,,,,,,,,,,
0,632,557,561,0,2.6.1.42|1.4.1.9,4.05,11.45,,,,,,,,,,,,,,
0,633,558,563,0,1.2.1.25|1.2.4.4|1.2.7.7,4.25,12.35,R01210,,,multistep reaction,,,,,,,,,,
0,634,557,565,0,1.2.1.25|1.2.4.4|1.2.7.7,4.2,11.1,R03171,,,multistep reaction,,,,,,,,,,
0,635,556,588,0,1.2.1.25|1.2.4.4|1.2.7.7,4.1,9.5,R01651,,,,,,,,,,,,,
0,636,584,586,0,,8.5,12.1,,,,,"reaction in Roche, not in KEGG",,,,,,,,,
0,637,552,556,0,1.1.1.85,3.1,9.9,R10052,,,,,,,,,,,,,
0,638,556,562,0,2.6.1.6|2.6.1.42,4,10,R01090,,,,,,,,,,,,,
0,639,562,556,1,1.4.1.9,4,9.8,R01088,,,,,,,,,,,,,
0,640,558,554,0,2.1.2.11,3.25,13.1,R01226,,,,,,,,,,,,,
0,641,554,555,1,1.1.1.169,2.9,14,R02472,,,,,,,,,,,,,
0,642,555|559,564,1,6.3.2.1,4,14.3,R02473,,,,,,,,,,,,,
0,643,564,555|559,1,3.5.1.22,3.9,14.5,R02474,,,,,,,,,,,,,
0,644,547,564,0,,3.9,14.7,R03927,,,,,,,,,,,,,
0,645,540,546,1,1.1.1.4,0.85,13.65,R02946,,,,,,,,,,,,,
0,646,545,546,0,4.1.1.5,1.4,13,R02948,,,,,,,,,,,,,
0,647,564,572,0,2.7.1.33,5.3,14.4,R03018,,,,,,,,,,,,,
0,648,572|573,577,0,6.3.2.5,6.1,14.4,R04231,,,,,,,,,,,,,
0,649,577,580,0,4.1.1.36,6.85,14.2,R03269,,,,,,,,,,,,,
0,650,580,581,1,2.7.7.3|3.6.1.9,7.6,14,R03035,,,,,,,,,,,,,
0,651,581,587,0,2.7.1.24,8.5,14,R00130,,,,,,,,,,,,,
0,652,571,576,0,4.1.1.30,6.1,13.3,R02972,,,,,,,,,,,,,
0,653,576,580,0,2.7.1.33|2.7.1.34,6.85,13.65,R02971,,,,,,,,,,,,,
0,654,560,568,0,6.1.1.9,4.9,13,R03665,,,,,,,,,,,,,
0,655,561,567,0,6.1.1.5,5.05,11.7,R03656,,,,,,,,,,,,,
0,656,562,566,0,6.1.1.4,5.15,10.2,R03657,,,,,,,,,,,,,
0,657,563,570,1,1.3.8.1|1.3.99.12|1.3.99.-,5.3,12.05,R02661,,,,,,,,,,,,,
0,658,570,563,1,1.3.8.7,5.3,12.15,,,,,,,,,,,,,,
0,659,570,575,0,4.2.1.17,6.1,12.1,,,,,,,,,,,,,,
0,660,575,579,0,3.1.2.4,6.9,12.1,R03352,,,,,,,,,,,,,
0,661,579,584,1,1.1.1.31|1.1.1.35,7.7,12.1,,,,,,,,,,,,,,
0,662,584,585,1,2.6.1.18|2.6.1.22,8.1,12.5,,,,,,,,,,,,,,
0,663,584,583,0,1.2.1.27,8.1,11.7,R00922,,,,,,,,,,,,,
0,664,553,551,1,4.2.1.33,2.5,10.9,,,,"reaction in Roche, not in KEGG",,,,,,,,,,
0,665,552,553,1,4.2.1.33,2.9,10.9,R10170,,,,,,,,,,,,,
0,666,552,551,1,4.2.1.33,2.7,10.8,,,,"reaction in Roche, not in KEGG",,,,,,,,,,
0,667,583,586,0,6.4.1.3,8.5,11.7,R01859,,,,,,,,,,,,,
0,668,588,589,1,1.3.8.4,5.3,9.35,R04096,,,,,,,,,,,,,
0,669,589,588,1,1.3.8.7,5.3,9.45,,,,,,,,,,,,,,
0,670,565,569,1,1.3.8.1|1.3.99.12,5.3,10.95,R03172,,,,,,,,,,,,,
0,671,569,565,1,1.3.8.7,5.3,11.05,,,,,,,,,,,,,,
0,672,569,574,0,4.2.1.17,6.1,11,,,,,,,,,,,,,,
0,673,574,578,1,1.1.1.35|1.1.1.178,6.9,11,R04203,,,,,,,,,,,,,
0,674,578,582|583,0,2.3.1.16,7.7,11,,,,,,,,,,,,,,
0,675,589,590,1,4.2.1.17,6.1,9.75,,,,,,,,,,,,,,
0,676,589,591,0,6.4.1.4,6.9,9.4,R04138,,,,,,,,,,,,,
0,677,591,592,1,4.2.1.18,8.3,9.4,R02085,,,,,,,,,,,,,
0,678,592,593,0,1.1.1.34|1.1.1.88,9.7,10.4,R02082|R02081,,,,,,,,,,,,,
0,679,593,594,0,2.7.1.36,10.4,12.2,R02245,,,,,,,,,,,,,
0,680,594,595,0,2.7.4.2,10.4,13.65,R03245,,,,,,,,,,,,,
0,681,595,596,0,4.1.1.33,10.9,14.3,R01121,,,,,,,,,,,,,
0,682,597,596,0,5.3.3.2,11.5,13.8,R01123,,,,,,,,,,,,,
0,683,596,598,0,2.5.1.20,11.1,13.1,R03917,,,,,,,,,,,,,
0,684,596|597,599,0,2.5.1.1,12.2,14.3,R01658,,,,,,,,,,,,,
0,685,596|599,600,0,2.5.1.10,12.9,14.1,R02003,,,,,,,,,,,,,
0,686,596|600,601,0,2.5.1.29,13.9,13.6,R02061,,,,,,,,,,,,,
0,687,601,602,0,2.5.1.21,14.5,14.3,R06223,,,,two step reaction,,,,,,,,,
0,688,602,603,0,1.14.13.132,15.7,14.3,R02874,,,,,,,,,,,,,
0,689,603,604,0,5.4.99.7,16.9,14.3,R03199,,,,,,,,,,,,,
0,690,604,606,0,1.14.13.70|1.3.1.70,18.1,14.3,,,,,two step reaction,,,,,,,,,
0,691,606,607,0,,19.35,14.3,,,,,multi-step reaction?,,,,,,,,,
0,692,603,605,0,5.4.99.8,16.9,14.8,R03200,,,,,,,,,,,,,
0,693,605,607,0,,18.7,14.8,R03765,,,,,,,,,,,,,
0,694,607,608,1,5.3.3.5,20.5,14.3,R04804,,,,,,,,,,,,,
0,695,608,609,1,1.3.1.72,21.3,13.8,R05703,,,,,,,,,,,,,
0,696,608,610,1,,21.4,14.65,,,,,"reaction in Roche, not in KEGG",,,,,,,,,
0,697,609,611,0,1.14.21.6,22,13.3,R03310,,,,,,,,,,,,,
0,698,611,613,0,1.3.1.21,23.1,13.65,R01456,,,,,,,,,,,,,
0,699,610,613,0,1.3.1.72,22.9,14.4,R01457,,,,,,,,,,,,,
0,700,614,613,0,3.1.1.13,23.7,14.35,,,,,,,,,,,,,,
0,701,613,614,1,2.3.1.26|2.3.1.73,23.9,14.45,R01461,,,,,,,,,,,,,
0,702,613,612,0,,23.8,13.6,,,,,"Coprostanol and reaction in Roche, not in KEGG",,,,,,,,,
0,703,611,615,0,,21,12.8,R03311,,,,,,,,,,,,,
0,704,613,616,0,1.1.3.6,24.5,14,R01459,,,,,,,,,,,,,
0,705,613,617,0,1.14.13.17,24.45,14.4,R01463,,,,,,,,,,,,,
0,706,617,618,0,1.1.1.181,25.8,14.8,R04263,,,,,,,,,,,,,
0,707,618,619,0,1.14.13.95,27.15,14.8,R04826,,,,,,,,,,,,,
0,708,619,620,0,1.3.1.3,28.5,14.8,,,,,,,,,,,,,,
0,709,618,621,0,1.3.1.3,27.85,14.05,,,,,,,,,,,,,,
0,710,620,622,0,1.1.1.50,30.1,14.8,,,,,,,,,,,,,,
0,711,621,623,0,1.1.1.50,30.1,13.3,,,,,,,,,,,,,,
0,712,622,624,0,1.14.13.15,31.5,14.8,R04807,,,,several steps,,,,,,,,,
0,713,623,625,0,,31.5,13.3,,,,,,,,,,,,,,
0,714,625,626,0,1.17.98.1,32.4,13.15,R03978,,,,,,,,,,,,,
0,715,624,627,0,,32.9,14.05,R04808,,,,,,,,,,,,,
0,716,624,628,0,1.14.13.15,32.75,14.8,,,,,two step reaction,,,,,,,,,
0,717,627,629,0,,34.6,13.3,,,,,"reaction in Roche, not in KEGG",,,,,,,,,
0,718,628,630,0,,34.3,14.8,,,,,multi-step reaction?,,,,,,,,,
0,719,630,632,0,1.1.1.35|2.3.1.176,36.05,14.8,R04812|R03719,,,,two step reaction,,,,,,,,,
0,720,631,632,0,6.2.1.7,36.9,14.1,R02794,,,,,,,,,,,,,
0,721,632,631,0,3.1.2.27,37.1,14,R07296,,,,,,,,,,,,,
0,722,632|638,634,0,2.3.1.65,37.85,14.8,R03720,,,,,,,,,,,,,
0,723,632,636|640,0,2.3.1.65,39.5,15.1,R03718,,,,,,,,,,,,,
0,724,634,631|638,0,3.5.1.24,37.85,14.05,R02797,,,,,,,,,,,,,
0,725,636,631|639,0,3.5.1.24,38.6,14.05,R05835,,,,,,,,,,,,,
0,726,631,633,0,,37.85,13.3,R02798,,,,,,,,,,,,,
0,727,633,635,0,,39.45,13.3,R05836,,,,,,,,,,,,,
0,728,635,637,0,,40.8,13.3,,,,,"metabolite 637 and reaction in Roche, not in KEGG",,,,,,,,,
0,729,646,650,0,3.1.1.7,5.1,6.65,R01026,,,,,,,,,,,,,
0,730,650,646,0,2.3.1.6,5,6.75,R01023,,,,,,,,,,,,,
0,731,644,645,0,1.4.2.1|1.4.3.3,4.9,5.75,,,,,,,,,,,,,,
0,732,645,644,1,2.6.1.4|2.6.1.44,4.7,5.6,,,,,,,,,,,,,,
0,733,641,644,0,1.5.3.1|1.5.8.3,4.5,5.4,R00610|R00611,,,,,,,,,,,,,
0,734,644,641,1,2.1.1.20,4.3,5.2,R00367,,,,,,,,,,,,,
0,735,642,641,0,1.5.8.4,4.35,6.25,R01565,,,,,,,,,,,,,
0,736,643,642,0,2.1.1.5,4.35,7,R02821,,,,,,,,,,,,,
0,737,642,643,0,2.1.1.161|2.1.1.157,4.1,6.9,R07244,,,,2.1.1.157 is a two step reaction from 641 to 643,,,,,,,,,
0,738,641,642,0,2.1.1.157,4.1,6.15,,,,,,,,,,,,,,
0,739,647,643,0,1.2.1.8|1.1.3.17,4.5,7.75,R02565|R08211,,,,,,,,,,,,,
0,740,650,647,0,1.14.15.7|1.1.3.17|1.1.99.1,5.3,7.55,R01022|R01025,,,,,,,,,,,,,
0,741,518|644,652|653,1,2.1.2.1,5.15,4.9,R00945,,,,,,,,,,,,,
0,742,645|652,644|648,1,2.6.1.45,5.4,5.2,R00588,,,,,,,,,,,,,
0,743,651,652,1,4.3.1.17|4.3.1.19,5.6,4.2,,,,,,,,,,,,,,
0,744,649,654,0,2.7.1.82,5.8,5.85,R01468,,,,,,,,,,,,,
0,745,654,649,0,3.1.3.75,5.8,5.95,R06870,,,,,,,,,,,,,
0,746,654,656,0,2.7.7.14,6.6,5.9,R02038,,,,,,,,,,,,,
0,747,659,661,0,,8.1,6.4,,,,,"multiple reactions, multi-step?",,,,,,,,,
0,748,652|657,660,1,2.7.8.8,7.2,5,R01800,,,,,,,,,,,,,
0,749,660,659,0,4.1.1.65,8.1,5.45,R02055,,,,,,,,,,,,,
0,750,658|684,661,0,2.7.8.2,7.6,6.9,,,,,,,,,,,,,,
0,751,655,658,0,2.7.7.15,6.7,6.9,R01890,,,,,,,,,,,,,
0,752,650,655,0,2.7.1.32,5.9,6.9,R01021,,,,,,,,,,,,,
0,753,655,650,0,3.1.3.75,5.9,7,R06871,,,,,,,,,,,,,
0,754,662|657,663|1145,0,2.7.8.11,7.7,4.4,R01802,,,,,,,,,,,,,
0,755,7|1143,9|1144,0,2.7.8.11,1,-7.5,R01802,,,,"unable to identify C01194 first time encountered, added reaction once identified",,,,,,,,,
0,756,110,652,0,3.1.1.3,6.2,2.75,R00582,,,,,,,,,,,,,
0,757,116|118,652|651,1,2.6.1.51,6.4,2.9,R00585,,,,,,,,,,,,,
0,758,657|99,664,1,2.7.8.5,7.9,3.2,R01801,,,,,,,,,,,,,
0,759,664,665,0,3.1.3.27,8.5,3.5,R02029,,,,,,,,,,,,,
0,760,665,668,0,,8.9,3.25,R04684,,,,,,,,,,,,,
0,761,657|665,667,1,2.7.8.-,9,4.4,R02030,,,,,,,,,,,,,
0,762,659,671,0,3.1.1.4,8.6,5.9,R02053,,,,,,,,,,,,,
0,763,659,670,0,3.1.1.32,8.6,5.7,R02054,,,,,,,,,,,,,
0,764,670,659,0,2.3.1.40,8.45,5.2,R04864,,,,fatty acid product,,,,,,,,,
0,765,671,659,0,2.3.1.23,8.55,5.4,R04480,,,,fatty acid product,,,,,,,,,
0,766,670,669,0,3.1.1.5,9.1,4.95,R03417,,,,fatty acid product,,,,,,,,,
0,767,671,669,0,3.1.1.5,9.25,5.1,R03416,,,,fatty acid product,,,,,,,,,
0,768,669,99|673,0,3.1.1.42|3.1.1.46,9.9,3.5,R01470,,,,,,,,,,,,,
0,769,675|680,676,0,2.3.1.20|2.3.1.158,10.2,7.05,R02251|R05333,,,,,,,,,,,,,
0,770,681|675,676,0,2.3.1.20|2.3.1.158,10.5,7.15,R02694,,,,,,,,,,,,,
0,771,656|684,659,0,2.7.8.1,7.55,5.9,R02057,,,,,,,,,,,,,
0,772,675,678,0,3.1.1.3,10.7,6.85,R05209,,,,fatty acid product,,,,,,,,,
0,773,678|681,675,0,2.3.1.22,10.5,6.6,R03755,,,,,,,,,,,,,
0,774,678|680,675,0,2.3.1.22,10.45,6.35,R03756,,,,,,,,,,,,,
0,775,674,675,0,3.1.3.4|3.1.3.81,10.1,6.3,R02239,,,,,,,,,,,,,
0,776,675,674,0,2.7.1.107,10.3,6.2,R02240,,,,,,,,,,,,,
0,777,659,675,0,3.1.4.3,9,6.1,R02052,,,,,,,,,,,,,
0,778,661,675,0,3.1.4.3,9,6.7,R01312,,,,,,,,,,,,,
0,779,659,674,0,3.1.4.4,9,6.3,R02051,,,,,,,,,,,,,
0,780,661,674,0,3.1.4.4,9,6.9,R01310,,,,,,,,,,,,,
0,781,678,679|683,0,3.1.1.23,11.6,6.7,R01351|R01352,,,,fatty acid product,,,,,,,,,
0,782,678,677,0,2.7.1.94,11.2,5.6,R02757,,,,,,,,,,,,,
0,783,682,683,1,,12.5,7.55,,,,,"can't identify 682, reaction in Roche, not in KEGG",,,,,,,,,
0,784,681,682,1,,12.5,6.55,,,,,"can't identify 682, reaction in Roche, not in KEGG",,,,,,,,,
0,785,680,681,1,1.3.1.8|1.3.1.38,12.5,5.4,R00385,,,,,,,,,,,,,
0,786,692|691,693,0,2.4.1.80,6.9,8.35,R01497,,,,,,,,,,,,,
0,787,693,692|694,0,3.2.1.45,7.1,8.45,R01498,,,,,,,,,,,,,
0,788,688|690,689,0,2.4.1.23,6.1,8.5,R01928,,,,,,,,,,,,,
0,789,692|658,696,0,2.7.8.3,7.6,7.8,R01891,,,,,,,,,,,,,
0,790,696,695|692,0,3.1.4.12,7.6,7.9,R02541,,,,,,,,,,,,,
0,791,685|697,686,0,2.3.1.50,4.4,8.5,R01281,,,,,,,,,,,,,
0,792,686,687,0,1.1.1.102,5.2,8.5,R02978,,,,,,,,,,,,,
0,793,687,688,0,1.3.99.-,5.85,8.2,R02979,,,,,,,,,,,,,
0,794,688,692,0,2.3.1.24,6.55,7.85,R01496,,,,,,,,,,,,,
0,795,692,688,0,3.5.1.23,6.55,7.95,,,,,,,,,,,,,,
0,796,698,99|650,0,3.1.4.2|3.1.4.46,9.85,5.65,R01030,,,,,,,,,,,,,
0,797,699,683|698,0,3.1.1.5,9.65,7.95,R02746,,,,,,,,,,,,,
0,798,700,683|698,0,3.1.1.5,9.85,8.15,R02747,,,,,,,,,,,,,
0,799,661,700|683,0,2.3.1.43|3.1.1.4,9.6,7.2,R01313|R01315|R01317|R02114,,,,,,,,,,,,,
0,800,700,661,0,2.3.1.23,8.4,7.6,R01318,,,,,,,,,,,,,
0,801,661,699|683,0,3.1.1.32,9.6,7.55,R01314|R01316,,,,,,,,,,,,,
0,802,699,661,0,2.3.1.62,8.6,7.25,R01319,,,,,,,,,,,,,
0,803,683,701,1,1.2.1.3,12.4,8.45,,,,,,,,,,,,,,
0,804,701,683,0,1.2.5.2,12.6,8.55,,,,,,,,,,,,,,
0,805,701,702,1,1.1.1.1,10.7,8.45,,,,,,,,,,,,,,
0,806,702,701,0,1.1.99.20,10.7,8.55,,,,,,,,,,,,,,
0,807,703|704,702|705,0,1.14.15.3,9.65,8.5,,,,,,,,,,,,,,
0,808,705,704,0,1.18.1.1,9.65,8.8,,,,,,,,,,,,,,
0,809,706,707|681,1,,12.9,7.2,,,,,"reaction in Roche, not in KEGG",,,,,,,,,
0,810,718,729|724,0,3.5.3.1,19.9,6.1,R00551,,,,,,,,,,,,,
0,811,729|728,718|719,1,2.1.4.1,19.75,5.95,R00565,,,,,,,,,,,,,
0,812,725,718|720,0,4.3.2.1,19.9,8.1,R01086,,,,,,,,,,,,,
0,813,731|161,725,0,6.3.4.5,21.3,8,R01954,,,,,,,,,,,,,
0,814,729|730,731,0,2.1.3.3,21.65,6.5,R01398,,,,,,,,,,,,,
0,815,718,717,0,4.1.1.9,19.4,6.2,R00566,,,,,,,,,,,,,
0,816,717,716|724,0,3.5.3.11,20.1,5.2,R01157,,,,,,,,,,,,,
0,817,716,715,0,1.5.3.17,19.3,4.45,,,,,,,,,,,,,,
0,818,715,714,0,2.5.1.16|2.5.1.22,19.2,3.9,,,,,,,,,,,,,,
0,819,714,715,0,1.5.3.16|1.5.3.17,19.4,3.8,R09076,,,,,,,,,,,,,
0,820,716,712,0,1.4.3.22|2.6.1.82|2.6.1.-,18.8,4.15,R01155,,,,,,,,,,,,,
0,821,712,716,1,1.4.3.10|2.6.1.29,19,4.05,R01151,,,,,,,,,,,,,
0,822,712,305,0,1.2.1.3|1.2.1.19|1.2.1.-,24.3,2.3,R02549,,,,,,,,,,,,,
0,823,718,731,0,3.5.3.6,20.1,7.6,R00552,,,,,,,,,,,,,
0,824,718,759|710,0,1.14.13.39|1.14.13.165,18.85,7.2,R00557|R10106,,,,,,,,,,,,,
0,825,718,713,0,6.1.1.19,19.1,8,R03646,,,,,,,,,,,,,
0,826,718,711,0,2.7.3.3,18.85,7.6,R00554,,,,,,,,,,,,,
0,827,718,709,0,1.13.12.1,18.85,6.65,R00559,,,,,,,,,,,,,
0,828,709,708,0,3.5.1.4,18.3,5.75,,,,,,,,,,,,,,
0,829,727,723|724,0,3.5.3.3,20.3,4.55,R01566,,,,,,,,,,,,,
0,830,722,723,0,3.5.1.59,19.9,4.5,R01563,,,,,,,,,,,,,
0,831,721,722,0,3.5.2.14,19.9,3.85,R03187,,,,,,,,,,,,,
0,832,726,721,0,3.5.4.1|3.5.4.21,20.3,3.5,R02922,,,,,,,,,,,,,
0,833,726,727,1,3.5.2.10,20.7,3.85,R01884,,,,,,,,,,,,,
0,834,727,732,0,2.7.3.2,21.2,4.2,R01881,,,,,,,,,,,,,
0,835,728,733,1,2.7.3.1,21.2,5.1,R02575,,,,,,,,,,,,,
0,836,728,727,0,2.1.1.2,20.7,4.65,R01883,,,,,,,,,,,,,
0,837,708,305|724,1,3.5.3.7,24.2,3.9,R01990,,,,,,,,,,,,,
0,838,738,729,0,3.5.1.14||3.5.1.16,22.35,6.7,R00669,,,,,,,,,,,,,
0,839,729|735,738|160,1,2.3.1.35,22.1,5.5,R02282,,,,,,,,,,,,,
0,840,737,738,0,2.6.1.11,23,6.8,R02283,,,,,,,,,,,,,
0,841,736,737,0,1.2.1.38,23,5.65,R03443,,,,,,,,,,,,,
0,842,735,736,0,2.7.2.8,23.2,4.95,R02649,,,,,,,,,,,,,
0,843,160|760,735,0,2.3.1.1,23.15,3.8,R00259,,,,,,,,,,,,,
0,844,160,740,0,2.7.2.11,23.7,4.6,R00239,,,,,,,,,,,,,
0,845,740,741,0,1.2.1.41,24,5.65,R03313,,,,,,,,,,,,,
0,846,729,741,1,2.6.1.13,22.7,5.75,R01343,,,,,,,,,,,,,
0,847,741,745,1,,24.4,5.65,R03314,,,,,,,,,,,,,
0,848,745,160,0,1.2.1.88,24,4.4,R00707,,,,,,,,,,,,,
0,849,160|744,747,0,6.3.2.2,24.5,3.95,R00894,,,,,,,,,,,,,
0,850,745,750,1,1.5.1.2,25.35,5.15,R01248,,,,,,,,,,,,,
0,851,750,745,0,1.5.5.2,25.35,5.25,R01253,,,,,,,,,,,,,
0,852,746,750,0,1.5.1.1,25.4,5.85,R01246|R01249,,,,,,,,,,,,,
0,853,743,746,1,,24.5,7,R03249,,,,,,,,,,,,,
0,854,751,746,0,1.4.3.3|1.5.99.3,25.4,6.5,R09496,,,,,,,,,,,,,
0,855,750,751,0,5.1.1.4,25.9,5.85,R01255,,,,,,,,,,,,,
0,856,751,748,0,1.4.1.12|1.21.4.1,25.5,7,R02825,,,,,,,,,,,,,
0,857,730|161,739,1,2.1.3.2,22.6,7.5,R01397,,,,,,,,,,,,,
0,858,750,754,0,1.14.11.2,26.4,5.2,R01252,,,,,,,,,,,,,
0,859,757,754,0,1.5.1.2,27.55,5.15,R03291,,,,,,,,,,,,,
0,860,754,757,0,1.5.-.-,27.55,5.25,R03295,,,,,,,,,,,,,
0,861,754,755,1,5.1.1.8,26.9,5.85,R03296,,,,,,,,,,,,,
0,862,755,758,0,1.4.3.3,27.55,6.5,,,,,,,,,,,,,,
0,863,747|749,753,0,6.3.2.3,25.7,4.3,R00497,,,,,,,,,,,,,
0,864,753,756,1,1.8.1.7,27.4,4.2,R00115,,,,,,,,,,,,,
0,865,756,753,1,,27.4,4.3,,,,numerous reactions,,,,,,,,,,
0,866,761|753,762|756,1,1.8.5.1,27.4,4.4,R01108,,,,,,,,,,,,,
0,867,753,752,0,2.5.1.18,26.4,3.95,R03522,,,,,,,,,,,,,
0,868,766,764,1,2.7.6.1,27.3,7.7,R01049,,,,,,,,,,,,,
0,869,739,763,1,3.5.2.3,24.5,8.1,R01993,,,,,,,,,,,,,
0,870,763,765,1,1.3.1.14|1.3.98.1|1.3.5.2,26.35,8.1,R01869|R01867|R01868,,,,,,,,,,,,,
0,871,765|766,767,1,2.4.2.10,28.5,8.1,R01870,,,,,,,,,,,,,
0,872,757,768,0,1.2.1.88,28.65,4.65,,,,,,,,,,,,,,
0,873,757,769,1,,28.65,5.4,R04443,,,,,,,,,,,,,
0,874,768|773,770|771,0,2.6.1.1|2.6.1.21|2.6.1.23,29.3,3.75,R05052,,,,,,,,,,,,,
0,875,773|774,771|772,1,2.6.1.2,30.6,4.2,R00258,,,,,,,,,,,,,
0,876,770,772|775,0,4.3.1.6,30.3,3.5,R00470,,,,,,,,,,,,,
0,877,758,776,0,3.5.4.22,29.15,6.5,R02280,,,,,,,,,,,,,
0,878,758,777,0,,28.65,7,R04446,,,,,,,,,,,,,
0,879,758,778,0,,29.1,7,R04447,,,,,,,,,,,,,
0,880,160,779,0,6.1.1.17|6.1.1.24,24.7,3.5,R05578,,,,,,,,,,,,,
0,881,779,303,0,1.2.1.70,25.7,0.8,R04109,,,,,,,,,,,,,
0,882,160,780,0,5.4.99.1,24.6,3.1,R00262,,,,,,,,,,,,,
0,883,780,781,0,4.3.1.2,25.9,2.6,R03696,,,,,,,,,,,,,
0,884,781,782,1,4.2.1.34,27.15,2.6,R03693,,,,,,,,,,,,,
0,885,782,783|784,0,4.1.3.22,28.1,2.6,R00325,,,,,,,,,,,,,
0,886,809|803,807|804,0,2.1.1.45|2.1.1.148,37,6.8,R02101|R06613,,,,,,,,,,,,,
0,887,805,809,0,3.5.4.12,36.9,5.2,R01663,,,,,,,,,,,,,
0,888,767,788,0,4.1.1.23,30.75,8.1,R00965,,,,,,,,,,,,,
0,889,788,787,0,3.1.3.5,31.9,7.5,,,,,,,,,,,,,,
0,890,787,788,0,2.7.1.48,32.1,7.4,R00964,,,,,,,,,,,,,
0,891,791,787,1,2.4.2.3,32.5,6.75,R01876,,,,,,,,,,,,,
0,892,787,791,0,3.2.2.3,32.5,6.85,R01080,,,,,,,,,,,,,
0,893,788,791,1,2.4.2.9,32.5,7.45,R00966,,,,,,,,,,,,,
0,894,786,787,0,3.5.4.5,32,5.9,R01878,,,,,,,,,,,,,
0,895,790,786,1,2.4.2.2,32.5,4.95,,,,,,,,,,,,,,
0,896,786,790,0,3.2.2.8,32.5,5.05,,,,,,,,,,,,,,
0,897,790,791,0,3.5.4.1,33,5.9,R00974,,,,,,,,,,,,,
0,898,792,788,0,3.6.1.6|3.6.1.5,32.5,8.05,,,,,,,,,,,,,,
0,899,788,792,1,2.7.4.14|2.7.4.22,32.5,8.15,R00158,,,,,,,,,,,,,
0,900,792,796,1,2.7.4.6,33.8,8.1,,,,,,,,,,,,,,
0,901,796,800,1,2.7.7.6,35,8.1,,,,,,,,,,,,,,
0,902,792,800,1,2.7.7.8,34.9,7.6,,,,,,,,,,,,,,
0,903,791,795,1,1.3.1.1|1.3.1.2,33.5,6.8,R00977|R00978,,,,,,,,,,,,,
0,904,795,799,1,3.5.2.2,34.5,6.8,R02269,,,,,,,,,,,,,
0,905,799,802,0,3.5.1.6,35.45,6.8,R00905,,,,,,,,,,,,,
0,906,791,794,0,1.17.99.4,33.5,6.4,R00976,,,,,,,,,,,,,
0,907,794,797|798,0,3.5.2.1|3.5.1.95,34.5,6,,,,two step reaction? EC numbers for both steps,,,,,,,,,,
0,908,785,786,0,3.1.3.5,31.9,4.45,,,,,,,,,,,,,,
0,909,786,785,0,2.7.1.48,32.1,4.35,,,,,,,,,,,,,,
0,910,785,789,1,2.7.4.14,32.5,3.75,R00512,,,,,,,,,,,,,
0,911,789,785,0,3.6.1.5,32.5,3.85,,,,,,,,,,,,,,
0,912,789,793,1,2.7.4.6,33.8,3.8,,,,,,,,,,,,,,
0,913,793,789,0,3.6.1.5,33.6,3.9,,,,,,,,,,,,,,
0,914,793,801,1,2.7.7.6,35,3.8,,,,,,,,,,,,,,
0,915,796,793,0,6.3.4.2,33.4,5.5,R00573,,,,,,,,,,,,,
0,916,789,810,0,1.17.4.1,36.3,3.5,,,,,,,,,,,,,,
0,917,793,815,0,1.17.4.2,37,3.5,,,,,,,,,,,,,,
0,918,792,814,0,1.17.4.1,36.3,8.4,,,,,,,,,,,,,,
0,919,796,818,0,1.17.4.2,37,8.4,,,,,,,,,,,,,,
0,920,809,814,1,2.7.4.9,37.8,8.1,R02098,,,,,,,,,,,,,
0,921,814,818,1,2.7.4.6,39.2,8.1,,,,,,,,,,,,,,
0,922,818,814,0,3.6.1.39,39.2,8,R02330,,,,,,,,,,,,,
0,923,805,810,0,2.7.4.14,37.8,3.8,R01665,,,,,,,,,,,,,
0,924,810,805,0,3.6.1.12,37.8,3.9,R01667,,,,,,,,,,,,,
0,925,810,815,1,2.7.4.6,39.3,3.8,,,,,,,,,,,,,,
0,926,815,805,0,3.6.1.12,38.9,3.4,R01668,,,,,,,,,,,,,
0,927,818,809,0,3.6.1.19|3.6.1.23,38.8,8.5,R02100,,,,,,,,,,,,,
0,928,815,819,1,2.7.7.7,40.95,3.8,,,,,,,,,,,,,,
0,929,805|824,811|825,0,2.1.2.8,38.15,4.35,R01669,,,,,,,,,,,,,
0,930,805,806,0,3.1.3.5,37.4,4.4,,,,,,,,,,,,,,
0,931,806,805,0,2.7.1.74,37.6,4.3,,,,,,,,,,,,,,
0,932,807,808,0,3.1.3.5,37.4,6.35,,,,,,,,,,,,,,
0,933,808,807,0,2.7.1.21,37.6,6.25,R01567,,,,,,,,,,,,,
0,934,808,813|826,0,2.4.2.4,38.1,6.85,R01570,,,,,,,,,,,,,
0,935,813,808,0,2.4.2.6,38.1,6.95,,,,,,,,,,,,,,
0,936,813,817,1,1.3.1.1|1.3.1.2,39.5,6.9,R01414|R01415,,,,,,,,,,,,,
0,937,813,822,1,1.17.99.4,41,7.7,R01413,,,,,,,,,,,,,
0,938,817,821,1,3.5.2.2,40.6,6.9,R03055,,,,,,,,,,,,,
0,939,821,823,0,3.5.1.6,41.4,6.9,R04666,,,,,,,,,,,,,
0,940,807,812,1,2.7.4.9,38.1,5.65,R02094,,,,,,,,,,,,,
0,941,812,807,0,3.6.1.5,38.1,5.75,,,,,,,,,,,,,,
0,942,812,816,1,2.7.4.6,39.5,5.7,,,,,,,,,,,,,,
0,943,816,812,0,3.6.1.5|3.6.1.39,39.5,5.8,R02095,,,,,,,,,,,,,
0,944,816,820,1,2.7.7.7,40.85,5.7,,,,,,,,,,,,,,
0,945,742,734,0,1.18.6.1,23.25,8.8,R05185,,,,,,,,,,,,,
0,946,304,305,0,2.9.1.19|2.6.1.96,24.7,0.3,R01648|R10178|R10179,,,,,,,,,,,,,
0,947,152,304,0,4.1.1.71,23.4,-0.6,R00272,,,,,,,,,,,,,
0,948,317|827,828,1,4.4.1.5,27,-1.9,R02530,,,,,,,,,,,,,
0,949,828,830|829,0,3.1.2.6,28.5,-1.9,R01736,,,,,,,,,,,,,
0,950,831|318,836,0,1.6.8.1|2.5.1.17|6.3.5.10|6.3.1.10,27.3,1.9,,,,4 step reaction,,,,,,,,,,
0,951,835,834,0,1.14.13.83,27.7,1.2,,,,step 1 of 10 step reaction,,,,,,,,,,
0,952,834,831,0,,26.3,1.2,,,,steps 2-10 of 10 step reaction,,,,,,,,,,
0,953,311,833,0,2.5.1.61,26.4,0,R00084,,,,,,,,,,,,,
0,954,833,838,0,4.2.1.75,28.45,0,R03165,,,,,,,,,,,,,
0,955,838,844,0,2.1.1.107,30.3,0,R03194,,,,,,,,,,,,,
0,956,844,848,0,1.3.7.6|4.99.1.4,32.05,0,R03947|R02864,,,2 step reaction,,,,,,,,,,
0,957,838,842,0,,30.1,-0.55,R03195,,,,,,,,,,,,,
0,958,838,845,0,4.1.1.37,30.55,-0.65,R03197,,,,,,,,,,,,,
0,959,845,849,0,,32.4,-1.65,R04178,,,,,,,,,,,,,
0,960,845,850,0,1.3.3.3,32.45,-1.3,R03220,,,,,,,,,,,,,
0,961,850,851,0,1.3.3.4|1.3.5.3,33.7,-1.3,R03222|R09489,,,,,,,,,,,,,
0,962,833,832,0,,27.5,-0.65,R03166,,,,,,,,,,,,,
0,963,832,837,0,4.1.1.37,28.35,-1.3,R03197,,,,,,,,,,,,,
0,964,832,841,0,,29.15,-1.6,R04971,,,,,,,,,,,,,
0,965,837,846,0,,30.5,-1.65,R04973,,,,,,,,,,,,,
0,966,851,852,0,6.6.1.1,33.7,0.5,R03877,,,,,,,,,,,,,
0,967,852,856,0,2.1.1.11,34.3,1,R04237,,,,,,,,,,,,,
0,968,856,858,0,1.14.13.81,35.5,1,R10068,,,,,,,,,,,,,
0,969,858,861,0,1.3.1.75|1.3.1.33|1.3.7.7,36.7,1,R06896|R03845|R06282,,,2 step reaction,,,,,,,,,,
0,970,861,862,0,2.5.1.62,37.2,1.75,R06284,,,,,,,,,,,,,
0,971,862,861,0,3.1.1.14,37.4,1.65,,,,,,,,,,,,,,
0,972,862,857,0,,36.4,2.4,R08585,,,,,,,,,,,,,
0,973,861,853,0,,35.55,1.8,,,,multi-step reaction,,,,,,,,,,
0,974,861,854,0,,35.55,1.6,,,,multi-step reaction,,,,,,,,,,
0,975,844,835,0,2.1.1.130,29.65,0.6,R03948,,,,,,,,,,,,,
0,976,844,839,0,,30.4,0.6,R03951,,,,,,,,,,,,,
0,977,836|840,843,0,,30,1.9,,,,multi-step reaction,,,,,,,,,,
0,978,847,843,0,2.5.1.17,31.85,1.9,,,,,,,,,,,,,,
0,979,851,855,0,4.99.1.1,34.4,-1,R00310,,,,,,,,,,,,,
0,980,855,860,0,,35.9,-2,R03684,,,,,,,,,,,,,
0,981,855,859,0,,35.55,-1.85,R04977,,,,,,,,,,,,,
0,982,855,865,0,,36.2,-0.1,R00314,,,,,,,,,,,,,
0,983,855,864,0,,36.4,-0.3,R00313,,,,,,,,,,,,,
0,984,855,863,0,,36.2,-1.2,R00312,,,,,,,,,,,,,
0,985,855,868,0,4.4.1.17,36.8,-0.8,R02480,,,,,,,,,,,,,
0,986,860,872,0,1.14.99.3,39,-2,R03683,,,,,,,,,,,,,
0,987,873,872,0,1.3.3.5,41.2,-1.6,R02394,,,,,,,,,,,,,
0,988,872,873,0,1.3.1.24,41.4,-1.5,R02391|R02393,,,,,,,,,,,,,
0,989,873,874,0,2.4.1.17,41.3,-0.6,,,,,,,,,,,,,,
0,990,872,867,0,1.3.7.4,39.7,-0.1,R03678,,,,,,,,,,,,,
0,991,874,869,0,3.2.1.31,40.15,0.45,,,,,,,,,,,,,,
0,992,869,875,0,,40.15,1,R00070,,,,,,,,,,,,,
0,993,869,870,0,,39,1.35,R06256,,,,,,,,,,,,,
0,994,870,876,0,,40.15,1.7,R06254,,,,,,,,,,,,,
0,995,870,871,0,,39,2.1,R06257,,,,,,,,,,,,,
0,996,871,877,0,,40.15,2.5,R06255,,,,,,,,,,,,,
0,997,860,866,1,,37.5,-1.7,R03682,,,,,,,,,,,,,
0,998,881,880,1,,20.1,9.4,R08953,,,,,,,,,,,,,
0,999,882,881,0,1.14.15.4|1.14.15.5,21.1,9.4,R03263,,,,,,,,,,,,,
0,1000,883,882,0,1.14.15.4|1.14.15.5,22.55,9.4,R03262,,,,,,,,,,,,,
0,1001,881,879,0,1.3.1.3,19.6,9.6,R03713,,,,,,,,,,,,,
0,1002,879,878,0,1.1.1.50,17.65,9.4,R04835,,,,,,,,,,,,,
0,1003,613,896,0,1.14.15.6,24.45,13.55,R02723,,,,,,,,,,,,,
0,1004,898,896,1,1.14.15.6,25.55,13.1,R04855,,,,,,,,,,,,,
0,1005,896,899,1,,26,13.3,,,,"reaction in Roche, not in KEGG",,,,,,,,,,
0,1006,898,892|897,0,1.14.15.6,26,12.45,R03933,,,,,,,,,,,,,
0,1007,899,895,0,1.14.15.6,27.8,12.45,,,,"2-methylheptanone as side species in Roche, no such reaction in KEGG. Can't identify that compound.",,,,,,,,,,
0,1008,883,887,0,1.3.1.3,22.8,10.05,R03850,,,,,,,,,,,,,
0,1009,883,889,1,1.1.1.146,23.5,10.55,R03848,,,,,,,,,,,,,
0,1010,887,885,0,1.1.1.50,21.4,10.7,R04837,,,,,,,,,,,,,
0,1011,885,886,1,1.1.1.146,20.7,11.2,R04840,,,,,,,,,,,,,
0,1012,889,888,0,,22.8,11.7,R08994,,,,,,,,,,,,,
0,1013,888,886,0,1.1.1.50,21.4,11.7,R04842|R04843,,,,,,,,,,,,,
0,1014,886,884,0,1.1.1.53,20.05,11.7,R04844,,,,,,,,,,,,,
0,1015,890,883,0,1.14.15.4,24.15,9.75,C03205,,,,,,,,,,,,,
0,1016,891,890,1,1.1.1.145|5.3.3.1,24.8,10.95,R04163,,,,,,,,,,,,,
0,1017,893,890,0,1.14.99.10,25.4,10.1,R02213,,,,,,,,,,,,,
0,1018,892,893,1,1.1.1.145|5.3.3.1,26,10.95,R02216,,,,,,,,,,,,,
0,1019,892,891,0,1.14.99.10,25.4,11.8,R03784,,,,,,,,,,,,,
0,1020,893,939,0,1.3.1.3|1.3.99.6,24.1,11.8,R02215,,,,,,,,,,,,,
0,1021,939,940,0,1.1.1.50,21.4,12.5,R04845,,,,,,,,,,,,,
0,1022,940,941,0,1.1.1.53,20.05,12.5,R04847,,,,,,,,,,,,,
0,1023,892,895,0,1.14.99.9,26.9,11.8,R03783,,,,,,,,,,,,,
0,1024,895,894,1,1.1.1.145|5.3.3.1,27.8,11.25,R03327,,,,,,,,,,,,,
0,1025,893,894,0,1.14.99.9,26.9,10.4,R02211,,,,,,,,,,,,,
0,1026,894,900,0,1.14.99.10,28.6,10.7,R03326,,,,,,,,,,,,,
0,1027,895,901,0,4.1.2.30|1.14.99.9,28.6,11.8,R08516,,,,,,,,,,,,,
0,1028,901,904,0,1.1.1.145|5.3.3.1,30.2,11.8,R01837,,,,,,,,,,,,,
0,1029,894,904,0,4.1.2.30|1.14.99.9,28.6,11.25,R01841,,,,,,,,,,,,,
0,1030,901,902,0,2.8.2.2,29.3,12.35,R03405,,,,,,,,,,,,,
0,1031,902,901,0,3.1.6.2,29.5,12.25,R03404,,,,,,,,,,,,,
0,1032,901,905,0,1.1.1.51,30.2,12.3,R03406,,,,,,,,,,,,,
0,1033,905,908,0,1.1.1.145|5.3.3.1,31.65,12.3,R02499,,,,,,,,,,,,,
0,1034,901,909,0,1.14.14.1|1.14.13.-,30.7,13,R03408,,,,,,,,,,,,,
0,1035,909,914,0,1.1.1.145|5.3.3.1,32.95,12.8,R04678,,,,,,,,,,,,,
0,1036,904,908,1,1.1.1.51|1.1.1.64|1.1.1.239,31.65,11.8,R01836|R01838,,,,,,,,,,,,,
0,1037,904,906,0,1.14.15.4,31.35,11.05,R02725,,,,,,,,,,,,,
0,1038,906,910,0,1.1.1.146,32.3,10.3,R04758,,,,,,,,,,,,,
0,1039,908,911,0,1.3.1.22,32.65,11.55,R02497,,,,,,,,,,,,,
0,1040,904,912,0,1.14.14.14,32.2,11,R01840,,,,,,,,,,,,,
0,1041,900,903,0,1.14.15.4,30.2,10.05,R02843,,,,,,,,,,,,,
0,1042,907,903,1,1.1.1.146,31.65,9.35,R02836,,,,,,,,,,,,,
0,1043,903,907,0,1.1.1.-,31.65,9.45,R02834,,,,,,,,,,,,,
0,1044,903,915,0,1.3.1.3,32.3,9.1,R02841,,,,,,,,,,,,,
0,1045,907,916,0,1.3.1.3,33.15,9.75,R02893,,,,,,,,,,,,,
0,1046,915,917,0,1.1.1.50,34.65,9.4,R04832|R04833,,,,,,,,,,,,,
0,1047,916,918,0,1.1.1.50,34.65,10.1,R04829|R04830,,,,,,,,,,,,,
0,1048,917,919,0,1.1.1.53,36.35,9.4,R04834,,,,,,,,,,,,,
0,1049,918,920,0,1.1.1.53,36.35,10.1,R04831,,,,,,,,,,,,,
0,1050,908,913,0,1.14.14.14,32.95,11.8,R02501,,,,,,,,,,,,,
0,1051,913,921,0,1.14.14.14,34.6,11.8,,,,two step reaction,,,,,,,,,,
0,1052,921,922,1,1.1.1.51|1.1.1.62,36.3,11.4,R02352|R02353,,,,,,,,,,,,,
0,1053,912,922,0,1.14.14.14,35.3,11,,,,two step reaction,,,,,,,,,,
0,1054,921,923,0,1.14.14.14,36.3,12.3,R03089,,,,,,,,,,,,,
0,1055,914,923,0,,35.3,12.8,,,,"reaction in Roche, not in KEGG",,,,,,,,,,
0,1056,922,924,0,1.14.14.1|1.1.4.13.-,37.65,11.5,R02356,,,,,,,,,,,,,
0,1057,923,924,1,1.1.1.62,37.65,12.4,R04681|R04682,,,,,,,,,,,,,
0,1058,923,942,0,2.4.1.17,37.75,12.8,R04683,,,,,,,,,,,,,
0,1059,921,925,0,1.14.14.14,36.9,10.7,R03088,,,,,,,,,,,,,
0,1060,904,928,0,1.3.1.3,37,13.05,R01835,,,,,,,,,,,,,
0,1061,904,927,0,1.3.1.22,37.75,12.7,R01834,,,,,,,,,,,,,
0,1062,926,930,0,2.1.1.6,40.45,11,R04762,,,,,,,,,,,,,
0,1063,925,929,0,2.1.1.6,40.45,9.9,R04764,,,,,,,,,,,,,
0,1064,930,935,0,2.4.1.17,41.6,10.8,R04353,,,,,,,,,,,,,
0,1065,930,936,0,2.8.2.15,41.6,11.2,R00536,,,,,,,,,,,,,
0,1066,929,933,0,2.4.1.17,41.6,9.7,R04354,,,,,,,,,,,,,
0,1067,929,934,0,2.8.2.15,41.6,10.1,R00537,,,,,,,,,,,,,
0,1068,928,932,0,1.1.1.50|1.1.1.152,40.45,12.8,R04309|R04310,,,,,,,,,,,,,
0,1069,927,931,0,1.1.1.50,40.45,12,R02476|R02477,,,,,,,,,,,,,
0,1070,932,938,0,2.4.1.17,41.6,12.8,R04352,,,,,,,,,,,,,
0,1071,931,937,0,2.4.1.17,41.6,12,R02478,,,,,,,,,,,,,
0,1072,601,960,0,1.3.1.83,14.6,13.2,R02063,,,,,,,,,,,,,
0,1073,960,961,0,,15.55,12.95,,,,multi-step reaction,,,,,,,,,,
0,1074,960,962,0,,15.55,13.45,,,,"reaction in Roche, not in KEGG",,,,,,,,,,
0,1075,960,959,0,,15.05,13.45,,,,"reaction in Roche, not in KEGG",,,,,,,,,,
0,1076,963,964,0,1.3.1.71,16.6,12.1,R05641,,,,,,,,,,,,,
0,1077,964,965,0,,16.6,11.2,R03677,,,,,,,,,,,,,
0,1078,610,963,0,,19.4,13.05,R04763,,,,,,,,,,,,,
0,1079,610,967,0,,19.4,12.9,,,,"reaction in Roche with ""?"", not in KEGG",,,,,,,,,,
0,1080,615,966,0,,18.1,12.1,,,,"compound 966 and reaction in Roche, not in KEGG",,,,,,,,,,
0,1081,601,958,0,2.5.1.32,14.5,12.65,R10177,,,,,,,,,,,,,
0,1082,601,953,0,,13.9,12.5,,,,"compound 953 and reaction in Roche, not in KEGG",,,,,,,,,,
0,1083,958,957,0,1.3.99.28|1.3.99.29|1.3.99.30|1.3.99.31|1.3.99.26|1.3.5.5|1.3.5.6,15.1,11.75,R09691,,,multi-step reaction,,,,,,,,,,
0,1084,957,956,0,1.3.99.26|1.3.99.30|1.3.99.31|1.3.5.6,15.1,11.1,R04800,,,,,,,,,,,,,
0,1085,956,955,0,,15.1,10.5,R03823,,,,,,,,,,,,,
0,1086,956,954,0,,15.4,10.2,,,,two-step reaction,,,,,,,,,,
0,1087,954,952,0,,14.15,9.45,R06964,,,,,,,,,,,,,
0,1088,955,946,0,1.14.99.36,12,9.95,R00032,,,,,,,,,,,,,
0,1089,946,943,0,1.2.3.1|1.2.1.36,11.35,9.6,R02123|R02125,,,,,,,,,,,,,
0,1090,944,946,1,1.1.1.105,11.35,9.95,R02124,,,,,,,,,,,,,
0,1091,946,947,1,,12,11,R02126,,,,,,,,,,,,,
0,1092,944,945,0,2.3.1.76,10.6,10.5,R02367,,,,,,,,,,,,,
0,1093,945,944,0,,10.8,10.4,R02368,,,"reaction in Roche, not in KEGG",,,,,,,,,,
0,1094,596|600,951,0,2.5.1.87,13.2,13.4,R05556,,,,,,,,,,,,,
0,1095,951,950,0,,12.8,11.75,R08375,,,,,,,,,,,,,
0,1096,950,949,0,3.6.1.43,12.9,11.1,R01004,,,,,,,,,,,,,
0,1097,949,948,0,3.1.3.51,13,10.6,R01003,,,,,,,,,,,,,
0,1098,948,949,0,2.7.1.108,13.2,10.5,R01018,,,,,,,,,,,,,
0,1099,680,968,0,,10.7,3.6,,,,"reaction in Roche, not in KEGG",,,,,,,,,,
0,1100,680,117,0,,12.05,4.1,,,,,,,,,,,,,,
0,1101,118|1001,119,0,6.1.1.7,12.7,2.42,R03038,,,missed a few reactions ,,,,,,,,,,
0,1102,122,118,0,1.4.1.1,13.25,1.4,R00396,,,missed a few reactions,,,,,,,,,,
0,1103,118|1003,122|1002,1,2.6.1.2,13.45,1.5,R00258,,,missed a few reactions,,,,,,,,,,
0,1104,128,126,0,4.1.1.1,16,1.1,R00755,,,,,,,,,,,,,
0,1105,122,128,0,1.2.4.1,15,0.2,R00014,,,,,,,,,,,,,
0,1106,133,969,1,6.4.1.2,17.65,2.05,R00742,,,,,,,,,,,,,
0,1107,133|975,974,0,2.3.1.16,15.65,6.8,R00391,,,,,,,,,,,,,
0,1108,974,976,1,1.1.1.35|1.1.1.211,15.65,8.2,R01778,,,,,,,,,,,,,
0,1109,976,978,1,4.2.1.17|4.2.1.74,14,8.2,,,,,,,,,,,,,,
0,1110,978,681,0,1.3.1.38|1.3.1.8,13.4,6.6,R00385,,,,,,,,,,,,,
0,1111,977,975,0,1.3.1.38|1.3.1.8,14.35,6.8,R00385,,,,,,,,,,,,,
0,1112,681,978,0,1.3.3.6|1.3.99.-|1.3.8.7|1.3.8.8|1.3.8.9,13.6,6.5,,,,,,,,,,,,,,
0,1113,975,977,0,1.3.3.6|1.3.99.-|1.3.8.7|1.3.8.8|1.3.8.9,14.55,6.9,,,,,,,,,,,,,,
0,1114,592,133|971,1,4.1.3.4,18.1,8.9,R01360,,,,,,,,,,,,,
0,1115,133|970,592,0,2.3.3.10,17.9,8.4,R01978,,,,,,,,,,,,,
0,1116,971,973,1,1.1.1.30,16.8,8.8,R01361,,,,,,,,,,,,,
0,1117,971,972,0,4.1.1.4,16.8,8.2,R01366,,,,,,,,,,,,,
0,1118,970,971,1,3.1.2.11,17.5,8.15,R01358,,,,,,,,,,,,,
0,1119,971,970,1,2.8.3.5,16.8,7.65,R00410,,,,,,,,,,,,,
0,1120,133,970,1,2.3.1.9,17.75,6,R00238,,,,,,,,,,,,,
0,1121,133,979,1,2.3.1.38,17.65,4.4,R01624,,,,,,,,,,,,,
0,1122,981,980,0,3.1.2.14|3.1.2.21,15,4.5,,,,,,,,,,,,,,
0,1123,982,981,1,,15.5,5.25,,,,,,,,,,,,,,
0,1124,983,982,1,,14.3,5.3,,,,,,,,,,,,,,
0,1125,984,983,1,,13.93,4.45,,,,,,,,,,,,,,
0,1126,985,986,0,,12.6,3.6,,,,,,,,,,,,,,
0,1127,982,985,1,5.3.3.14,13,5.5,R07639,,,reaction only occurs for C05754 trans-Dec-2-enoyl-[acp],,,,,,,,,,
0,1128,102,97,0,2.7.1.28,9.8,0.8,R01059,,,missed a reaction,,,,,,,,,,
0,1129,674|680,677,0,2.3.1.51,10.7,5.45,R02760,,,,,,,,,,,,,
0,1129,674|681,677,0,2.3.1.51,10.7,5.8,R02241,,,,,,,,,,,,,
0,1130,99,677,0,2.3.1.15,9.9,3.9,R00851,,,,,,,,,,,,,
0,1131,676,675|683,0,3.1.1.3|3.1.1.34,11,7.4,,,,,,,,,,,,,,
0,1132,657,674,0,3.6.1.26,9.9,4.6,R01797,,,,,,,,,,,,,
0,1133,674,657,0,2.7.7.41,10.2,4.45,R01799,,,,,,,,,,,,,
0,1134,104,990,0,1.2.1.2,10.5,-1.55,R00519,,,,,,,,,,,,,
0,1135,990,104,0,1.2.1.43,10.5,-1.45,R00134,,,,,,,,,,,,,
0,1136,988,100,0,1.1.2.7|1.1.3.13|1.1.1.244,9.6,-1.95,R00605,,,,,,,,,,,,,
0,1137,989,988,0,1.14.13.25|1.14.18.3,10.5,-2.1,R01142|R01143|R09518,,,,,,,,,,,,,
0,1138,122,129,0,1.2.5.1,15.5,1.1,R03145,,,missed a reaction,,,,,,,,,,
0,1139,136|1005,122|1004,1,2.1.3.1,16.5,-1,R00930,,,,,,,,,,,,,
0,1140,136|1007,191|1008,1,2.6.1.1,19,-1.9,R00355,,,,,,,,,,,,,
0,1141,191,136,0,1.4.3.2|1.4.3.16,18.8,-2.1,R00357,,,,,,,,,,,,,
0,1142,191,142,1,4.3.1.1,20,-2.25,R00490,,,,,,,,,,,,,
0,1143,156,145,0,1.4.3.3,21.7,0,R00366,,,,,,,,,,,,,
0,1144,145|1011,156|1010,1,2.6.1.44,21.7,0.4,R00369,,,,,,,,,,,,,
0,1145,1015,172,0,3.2.1.14,10.3,-5,,,,,,,,,,,,,,
0,1146,185|1017,192|1018,1,2.6.1.19|2.6.1.55,18.1,-3.4,R00908,,,,,,,,,,,,,
0,1147,192|1019,185|190,1,2.6.1.18,19.6,-3.05,R00907,,,,,,,,,,,,,
0,1148,192|1020,195,0,6.3.2.11,20.5,-4.1,R01164,,,,,,,,,,,,,
0,1149,206,1024,1,,10.75,-6.45,,,,,,,,,,,,,,
0,1150,207,1025,1,,10.75,-5.8,,,,,,,,,,,,,,
0,1151,208,1026,1,,10.75,-5.6,,,,,,,,,,,,,,
0,1152,244|1055,243|1054|1056,0,4.1.99.1,25.15,-7.3,R00673,,,,,,,,,,,,,
0,1153,236|1074|1198,287|1075|1199,1,1.14.16.2,21.6,-8.8,R01815,,,,,,,,,,,,,
0,1154,287,1072,0,1.10.3.1|1.14.18.1,22.4,-9.6,R00045,,,,,,,,,,,,,
0,1155,1072,1073,0,,22.8,-9.8,,,,"reaction in Roche (multi-step?), not in KEGG",,,,,,,,,,
0,1156,289,1080,0,,24.6,-9.6,,,,"reaction in Roche (multi-step?), not in KEGG",,,,,,,,,,
0,1157,290,1080,0,,25.4,-9.6,,,,"reaction in Roche (multi-step?), not in KEGG",,,,,,,,,,
0,1158,341,343,1,6.4.1.3,32.4,-3,R01859,,,,,,,,,,,,,
0,1159,342,344,1,6.2.1.1|6.2.1.17,34.05,-3.6,R01354,,,,,,,,,,,,,
0,1160,398|1115,401|1116,0,2.3.1.-,34.8,-6.9,R00454,,,,,,,,,,,,,
0,1161,21|1148,20|1149,1,,3,-7.45,,,,"reaction in Roche and iAF1260, not in KEGG",,,,,,,,,,
0,1162,33,42,1,,4.8,-9.3,,,,"reaction in Roche, not in KEGG",,,,,,,,,,
0,1163,34|1158,33|1159,0,,4.4,-7.45,,,,,,,,,,,,,,
0,1164,20,49,0,,5.5,-8.2,,,,"reaction in Roche, not in KEGG",,,,,,,,,,
0,1165,33,49,0,,5,-8,,,,"reaction in Roche, not in KEGG",,,,,,,,,,
0,1166,59,46,0,,5.8,-8,,,,"reaction in Roche, not in KEGG",,,,,,,,,,
0,1167,13|1163,987,0,3.2.1.21,1.1,-5.6,,,,,,,,0.4,-5.8,,,,,
0,1168,38,41|1166,0,,4.85,-2.4,,,,,,,,,,,,,,
0,1169,39,41|1165,0,,5.1,-1.9,,,,,,,,,,,,,,
0,1170,60,47,0,,5.8,-6.4,,,,,,,,,,,,,,
0,1171,265|1173,272|1174,0,6.3.4.23,18.1,-9.95,R06975,,,,,17.7,-9.75,18.5,-9.75,,,,,
0,1172,236|1201,287|1202,1,1.14.18.1,21.8,-8.6,,,,,,,,,,,,,,
0,1173,1204|1206,1203|1205,0,1.11.1.8,21.7,-8.25,R02810,,,,,,,,,,,,,
0,1174,1210|1208,1209|1207,0,1.11.1.8,22.9,-8.4,R02810,,,,,,,,,,,,,
0,1175,367|1227|1229,372|1228|1230,0,6.3.5.2,21.8,-13.8,R01230,,,,,,,,,,,,,
0,1176,367|1248,366|1247,0,3.1.3.5,20.4,-13.3,,,,,,,,,,,,,,
0,1177,371|1249,372|1250,1,2.7.1.73,23,-13.35,R01228,,,,,,,,,,,,,
0,1178,371|1257,374|1258,0,3.2.2.1|3.2.2.8,23.75,-12.7,,,,,,,,,,,,,,
0,1179,368,369,0,1.17.1.4,22,-12.15,R01768,,,,,22.3,-11.95,22.3,-12.35,22.2,-11.75,22.2,-12.55,
0,1180,370|1272,373|1273,0,3.2.2.8|3.2.2.1|3.2.2.7,23.75,-11.4,R01245,,,,,,,,,,,,,
0,1181,275|1274,373|1275,1,2.4.2.7,24.05,-11,R00190,,,,,,,,,,,,,
0,1182,275|1280,370|1281,0,3.1.3.5,23.2,-10.9,,,,,,,,,,,,,,
0,1183,365|1286,368|1287,0,,21.15,-11.5,,,,,,,,,,,,,,
0,1184,273|1290,368|1291,1,3.2.2.12,21.35,-10.8,R01128,,,,,,,,,,,,,
0,1185,244|1325,444|1326,0,2.6.1.99,26.06,-8.7,R10180,,,,,,,,,,,,,
0,1186,244|1328|1329,444|1330|1331,0,1.4.3.2,25.5,-8.9,R00677,,,,,,,,,,,,,
0,1187,443,1332,0,,27.15,-9.5,,,,compound and reaction not in KEGG,,,,,,,,,,
0,1188,209|1337,205|1338,1,1.1.5.8,11.25,-7.45,R02415,,,,,,,,,,,,,
0,1189,203|1344,204|1343,1,1.1.5.8,10.15,-7.2,R09322,,,,,,,,,,,,,
0,1190,79|1380,92|1379,1,3.1.3.68,7.8,1.5,R08548,,,,,,,,,,,,,
0,1191,105|1395,108|1396,1,3.6.1.7,10.5,0.1,R01515,,,,,,,,,,,,,
